,STAMP,Vehicle speed,STAMP,Time since engine start,STAMP,Normed load value,STAMP,Accelerator pedal position,STAMP,Engine torque,STAMP,Oil fill level,STAMP,Engine oil temperature,STAMP,Fuel level,STAMP,Fuel consumption,STAMP,Brake pressure,STAMP,Engaged gear: raw signal-Bits 0-7,STAMP,Efficiency of the SCR catalytic converter,
,, km/h,, s,, %,, %,, Nm,, mm,, °C,, l,, l/h,, MPa,, ,, ,
,1.30,0,1.40,412,0.04,24.7,0.15,14.5,0.28,30.1,0.41,35.704,0.55,32.1,0.67,8.00,0.79,0.58,0.92,-0.03,1.05,0,1.20,0.03430,
,2.78,0,2.89,413,1.51,24.7,1.58,14.5,1.71,30.3,1.84,35.704,1.99,32.1,2.11,8.00,2.26,0.60,2.38,-0.03,2.53,0,2.67,0.00912,
,4.28,0,4.38,415,3.00,25.5,3.10,14.5,3.24,29.9,3.37,35.644,3.52,32.1,3.64,8.00,3.77,0.59,3.89,-0.03,4.02,0,4.17,0.10178,
,5.77,0,5.88,416,4.49,25.5,4.60,14.5,4.74,30.4,4.87,35.724,5.02,32.1,5.14,8.00,5.26,0.59,5.39,-0.03,5.52,0,5.67,0.00000,
,7.33,0,7.44,418,5.99,25.5,6.10,14.5,6.26,30.1,6.39,35.704,6.52,32.1,6.65,8.00,6.79,0.59,6.93,-0.03,7.08,0,7.22,0.00000,
1,8.85,0,8.97,419,7.55,25.5,7.66,14.5,7.79,30.2,7.94,35.724,8.08,32.1,8.22,8.00,8.34,0.58,8.47,-0.03,8.60,0,8.75,0.02737,
,10.39,0,10.50,421,9.07,25.1,9.18,14.5,9.30,30.4,9.45,35.584,9.59,32.1,9.73,8.00,9.85,0.59,10.00,-0.03,10.14,0,10.28,0.01480,
2,11.90,0,12.01,422,10.61,25.1,10.73,14.5,10.85,30.2,10.98,35.584,11.12,32.1,11.27,8.00,11.39,0.58,11.52,-0.03,11.65,0,11.79,0.00000,
,13.34,0,13.44,424,12.10,25.5,12.22,14.5,12.34,30.1,12.48,35.524,12.60,32.1,12.75,8.00,12.86,0.59,12.99,-0.03,13.11,0,13.26,0.00562,
3,14.81,0,14.92,425,13.54,25.1,13.66,14.5,13.76,29.8,13.89,35.524,14.03,32.1,14.15,8.00,14.27,0.58,14.41,-0.03,14.56,0,14.71,0.02560,
,16.32,0,16.43,427,15.05,25.1,15.16,14.5,15.30,30.0,15.43,35.524,15.57,32.1,15.70,8.00,15.82,0.59,15.95,-0.03,16.08,0,16.21,0.03085,
,17.78,0,17.89,428,16.54,25.5,16.65,14.5,16.76,30.0,16.89,35.464,17.02,32.1,17.13,8.00,17.26,0.59,17.39,-0.03,17.52,0,17.67,0.02194,
,19.28,0,19.39,430,18.00,25.1,18.11,14.5,18.25,30.2,18.37,35.584,18.52,32.5,18.64,8.00,18.77,0.58,18.89,-0.03,19.03,0,19.17,0.01840,
,20.76,0,20.86,431,19.50,24.7,19.61,14.5,19.75,29.8,19.87,35.584,20.03,32.1,20.16,8.00,20.28,0.58,20.41,-0.03,20.53,0,20.66,0.01114,
,22.28,0,22.40,433,20.98,25.5,21.08,14.5,21.21,30.1,21.36,35.784,21.51,32.5,21.62,8.00,21.76,0.58,21.88,-0.03,22.03,0,22.17,0.03275,
,23.81,0,23.92,434,22.51,25.1,22.62,14.5,22.77,30.2,22.91,35.844,23.04,32.5,23.17,8.00,23.30,0.59,23.43,-0.03,23.56,0,23.70,0.02753,
,25.31,0,25.42,436,24.03,25.5,24.14,14.5,24.27,30.2,24.40,35.724,24.54,32.5,24.68,8.00,24.80,0.58,24.93,-0.03,25.06,0,25.20,0.03110,
,26.81,0,26.92,437,25.53,25.1,25.63,14.5,25.76,29.9,25.90,35.784,26.04,32.5,26.17,8.00,26.30,0.58,26.43,-0.03,26.56,0,26.70,0.02576,
,28.31,0,28.41,439,27.03,25.1,27.14,14.5,27.26,30.1,27.40,35.664,27.54,32.5,27.67,8.00,27.80,0.58,27.92,-0.03,28.06,0,28.20,0.02737,
,29.84,0,29.96,440,28.52,25.9,28.62,14.5,28.76,29.8,28.89,35.664,29.03,32.5,29.17,8.00,29.31,0.59,29.44,-0.03,29.60,0,29.73,0.01666,
,31.34,0,31.45,442,30.06,25.1,30.17,14.5,30.30,29.6,30.44,35.724,30.57,32.5,30.71,8.00,30.83,0.59,30.95,-0.03,31.09,0,31.23,0.02753,
,32.80,0,32.91,443,31.55,26.3,31.67,14.5,31.79,30.8,31.92,35.784,32.05,32.5,32.17,8.00,32.30,0.59,32.41,-0.03,32.55,0,32.69,0.01300,
,34.31,0,34.41,445,33.01,25.9,33.12,14.5,33.26,31.2,33.40,35.784,33.55,32.5,33.67,8.00,33.80,0.62,33.92,-0.03,34.05,0,34.20,0.09814,
,35.74,0,35.83,446,34.52,25.5,34.63,14.5,34.76,30.8,34.89,35.784,35.02,32.5,35.13,8.00,35.26,0.60,35.38,-0.03,35.52,0,35.64,0.11130,
,37.25,0,37.36,448,35.97,25.5,36.05,14.5,36.18,30.2,36.33,35.784,36.47,32.5,36.60,8.00,36.75,0.57,36.86,-0.03,37.01,0,37.14,0.04532,
,38.75,0,38.86,449,37.48,24.3,37.57,14.5,37.70,29.1,37.84,35.784,37.98,32.5,38.11,8.00,38.25,0.57,38.36,-0.03,38.51,0,38.64,0.01849,
,40.24,0,40.35,451,38.98,24.3,39.07,14.5,39.21,29.4,39.33,35.764,39.47,33.0,39.60,8.00,39.72,0.56,39.84,-0.03,39.98,0,40.12,0.01675,
,41.70,0,41.81,452,40.48,23.9,40.57,14.5,40.71,29.7,40.84,35.724,40.97,33.0,41.09,8.00,41.22,0.57,41.34,-0.03,41.47,0,41.60,0.03430,
,43.25,0,43.35,454,41.91,24.7,42.02,14.5,42.13,29.2,42.28,35.664,42.42,32.5,42.55,8.00,42.69,0.56,42.84,-0.03,42.98,0,43.12,0.03958,
,44.73,0,44.82,455,43.48,24.7,43.57,14.5,43.70,29.6,43.83,35.664,43.97,33.0,44.09,8.00,44.22,0.57,44.34,-0.03,44.47,0,44.60,0.03104,
,46.14,0,46.25,457,44.93,25.1,45.04,14.5,45.15,29.9,45.28,35.664,45.41,32.5,45.52,8.00,45.65,0.59,45.77,-0.03,45.91,0,46.04,0.02020,
,47.65,0,47.76,458,46.36,25.1,46.48,14.5,46.60,29.9,46.73,35.544,46.87,33.0,47.01,8.00,47.14,0.59,47.27,-0.03,47.40,0,47.54,0.03455,
,49.20,0,49.32,460,47.87,25.1,47.98,14.5,48.10,30.2,48.26,35.664,48.39,33.0,48.52,8.00,48.67,0.59,48.81,-0.03,48.95,0,49.09,0.02744,
,50.70,0,50.80,461,49.42,25.1,49.53,14.5,49.66,30.1,49.79,35.724,49.94,33.0,50.06,8.00,50.19,0.59,50.31,-0.03,50.44,0,50.58,0.02899,
,52.20,0,52.31,463,50.92,25.1,51.02,14.5,51.15,30.2,51.30,35.844,51.44,33.0,51.57,8.00,51.69,0.58,51.81,-0.03,51.95,0,52.09,0.16168,
,53.70,0,53.81,464,52.42,25.1,52.53,14.5,52.66,30.2,52.80,35.784,52.93,33.0,53.06,8.00,53.18,0.58,53.31,-0.03,53.44,0,53.59,0.00735,
,55.16,0,55.27,466,53.91,25.1,54.02,14.5,54.15,30.2,54.29,35.784,54.43,33.0,54.56,8.00,54.68,0.58,54.80,-0.03,54.94,0,55.06,0.01486,
,56.75,0,56.86,467,55.38,25.5,55.50,14.5,55.63,30.1,55.78,35.784,55.93,33.4,56.05,8.00,56.20,0.59,56.33,-0.03,56.48,0,56.63,0.02182,
,58.25,0,58.35,469,56.98,25.1,57.07,14.5,57.21,30.3,57.34,35.784,57.48,33.4,57.61,8.00,57.75,0.59,57.86,-0.03,58.01,0,58.13,0.02203,
,59.69,0,59.80,470,58.48,25.5,58.57,14.5,58.70,30.2,58.84,35.724,58.97,33.4,59.09,8.00,59.22,0.59,59.34,-0.03,59.47,0,59.60,0.12088,
,61.18,0,61.29,472,59.89,25.5,60.00,14.5,60.13,30.2,60.28,35.784,60.41,33.4,60.55,8.00,60.67,0.58,60.80,-0.03,60.94,0,61.08,0.00000,
,62.62,0,62.72,473,61.40,25.5,61.51,14.5,61.64,30.0,61.77,35.724,61.89,33.4,62.01,8.00,62.13,0.59,62.26,-0.03,62.39,0,62.52,0.00000,
,64.14,0,64.25,475,62.82,25.5,62.93,14.5,63.04,30.3,63.19,35.724,63.33,33.4,63.46,8.00,63.60,0.59,63.75,-0.03,63.89,0,64.03,0.00000,
,65.65,0,65.76,476,64.35,25.1,64.48,14.5,64.59,30.5,64.73,35.844,64.87,33.4,65.02,8.00,65.14,0.59,65.27,-0.03,65.40,0,65.54,0.00000,
,67.08,0,67.19,478,65.85,25.5,65.94,14.5,66.06,30.3,66.19,35.844,66.31,33.4,66.43,8.00,66.56,0.60,66.68,-0.03,66.83,0,66.97,0.00000,
,68.58,0,68.68,479,67.29,24.7,67.40,14.5,67.53,30.3,67.66,35.844,67.80,33.4,67.94,8.00,68.07,0.59,68.19,-0.03,68.33,0,68.46,0.13205,
,70.08,0,70.19,481,68.79,25.5,68.90,14.5,69.03,30.2,69.16,35.844,69.28,33.4,69.40,8.00,69.54,0.59,69.68,-0.03,69.83,0,69.97,0.16522,
,71.57,0,71.68,482,70.30,25.1,70.41,14.5,70.54,30.3,70.68,35.844,70.81,33.4,70.94,8.00,71.06,0.59,71.19,-0.03,71.32,0,71.46,0.02179,
,73.10,0,73.23,484,71.79,25.5,71.95,14.5,72.08,30.3,72.21,35.984,72.35,33.4,72.49,8.00,72.61,0.59,72.74,-0.03,72.86,0,73.00,0.17740,
,74.59,0,74.70,485,73.32,25.5,73.43,14.5,73.56,29.9,73.69,36.024,73.81,33.9,73.94,8.00,74.06,0.59,74.20,-0.03,74.34,0,74.48,0.00000,
,76.07,0,76.18,487,74.81,25.5,74.92,14.5,75.05,29.9,75.18,36.044,75.32,33.4,75.45,8.00,75.58,0.59,75.70,-0.03,75.83,0,75.96,0.00000,
,77.54,0,77.65,488,76.29,25.5,76.40,14.5,76.53,29.9,76.66,36.044,76.79,33.9,76.90,8.00,77.02,0.58,77.17,-0.03,77.30,0,77.43,0.02737,
,79.04,0,79.15,489,77.76,25.1,77.87,14.5,78.01,30.3,78.15,35.964,78.29,33.9,78.42,8.00,78.55,0.60,78.67,-0.03,78.80,0,78.94,0.10001,
,80.56,0,80.67,491,79.26,25.5,79.37,14.5,79.51,30.2,79.65,35.964,79.79,33.9,79.92,8.00,80.05,0.58,80.17,-0.03,80.31,0,80.46,0.11978,
,82.00,0,82.10,492,80.77,24.7,80.87,14.5,80.99,29.9,81.11,35.904,81.25,33.9,81.35,8.00,81.49,0.59,81.60,-0.03,81.77,0,81.89,0.00000,
,83.49,0,83.61,494,82.23,25.5,82.32,14.5,82.46,29.7,82.59,35.904,82.73,33.9,82.86,8.00,83.00,0.60,83.11,-0.03,83.25,0,83.38,0.02179,
,85.03,0,85.14,495,83.74,24.7,83.83,14.5,83.96,30.1,84.11,35.844,84.26,33.9,84.38,8.00,84.52,0.59,84.64,-0.03,84.78,0,84.92,0.02228,
,86.54,0,86.65,497,85.25,25.1,85.35,14.5,85.50,29.9,85.62,35.784,85.77,33.9,85.90,8.00,86.03,0.60,86.16,-0.03,86.29,0,86.43,0.02216,
,88.08,0,88.19,499,86.76,24.7,86.87,14.5,87.01,30.2,87.15,35.724,87.29,33.9,87.42,8.00,87.55,0.59,87.68,-0.03,87.83,0,87.97,0.02753,
,89.57,0,89.68,500,88.30,25.5,88.40,14.5,88.53,30.7,88.67,35.724,88.81,33.9,88.94,8.00,89.06,0.61,89.19,-0.03,89.32,0,89.46,0.00366,
,91.04,0,91.14,501,89.79,26.3,89.90,14.5,90.03,31.3,90.17,35.724,90.30,33.9,90.42,8.00,90.55,0.61,90.67,-0.03,90.80,0,90.92,0.00000,
,92.54,0,92.65,503,91.25,25.5,91.36,14.5,91.51,30.6,91.64,35.724,91.78,33.9,91.91,8.00,92.03,0.60,92.15,-0.03,92.29,0,92.43,0.02975,
,94.01,0,94.11,504,92.76,24.7,92.87,14.5,92.99,29.9,93.12,35.724,93.25,33.9,93.35,8.00,93.49,0.58,93.60,0.00,93.75,0,93.88,0.03812,
,95.52,0,95.63,506,94.23,24.7,94.33,14.5,94.46,29.3,94.61,35.724,94.76,34.3,94.88,8.00,95.02,0.59,95.14,-0.03,95.28,0,95.41,0.01480,
,96.97,0,97.07,507,95.74,25.1,95.85,14.5,95.99,29.7,96.12,35.664,96.25,34.3,96.36,8.00,96.50,0.57,96.61,-0.03,96.75,0,96.86,0.02905,
,98.50,0,98.61,509,97.18,25.5,97.28,14.5,97.42,29.4,97.56,35.724,97.71,34.3,97.83,8.00,97.97,0.58,98.10,-0.03,98.26,0,98.39,0.02744,
,100.00,0,100.10,510,98.73,24.7,98.82,14.5,98.95,29.4,99.09,35.784,99.23,34.3,99.36,8.00,99.50,0.58,99.61,-0.03,99.75,0,99.88,0.04333,
,101.47,0,101.57,512,100.22,25.1,100.32,14.5,100.45,29.5,100.58,35.784,100.70,34.3,100.83,8.00,100.95,0.59,101.08,-0.03,101.21,0,101.35,0.04849,
,102.91,0,103.02,513,101.69,25.1,101.79,14.5,101.88,30.0,102.02,35.784,102.14,34.3,102.28,8.00,102.41,0.58,102.53,-0.03,102.67,0,102.80,0.01663,
,104.43,0,104.54,515,103.12,25.1,103.25,14.5,103.38,30.3,103.53,35.784,103.67,34.3,103.80,8.00,103.93,0.60,104.05,-0.03,104.18,0,104.33,0.02393,
,105.91,0,106.01,516,104.65,25.5,104.76,14.5,104.89,30.4,105.02,35.664,105.16,34.3,105.30,8.00,105.42,0.60,105.55,-0.03,105.68,0,105.81,0.03455,
,107.40,0,107.52,518,106.13,25.5,106.23,14.5,106.35,30.0,106.51,35.724,106.64,34.3,106.77,8.00,106.89,0.59,107.02,-0.03,107.15,0,107.30,0.01855,
,108.93,0,109.05,519,107.63,25.5,107.75,14.5,107.88,30.8,108.03,35.664,108.17,34.3,108.30,8.00,108.43,0.59,108.55,0.00,108.69,0,108.82,0.03494,
,110.43,0,110.54,521,109.15,25.1,109.26,14.5,109.39,30.8,109.52,35.844,109.67,34.3,109.80,8.00,109.92,0.60,110.05,-0.03,110.18,0,110.32,0.03842,
,111.90,0,112.01,522,110.65,25.1,110.76,14.5,110.89,30.5,111.02,35.964,111.16,34.3,111.30,8.00,111.42,0.58,111.55,-0.03,111.68,0,111.80,0.02042,
,113.39,0,113.50,524,112.10,25.5,112.22,14.5,112.34,30.1,112.48,35.964,112.61,34.3,112.74,8.00,112.86,0.59,112.99,0.00,113.12,0,113.28,0.02768,
,114.91,0,115.01,525,113.61,25.5,113.73,14.5,113.85,30.4,114.01,35.984,114.14,34.8,114.27,8.00,114.40,0.59,114.52,-0.03,114.65,0,114.80,0.02231,
,116.40,0,116.51,527,115.12,25.5,115.24,14.5,115.38,30.5,115.52,35.984,115.67,34.8,115.79,8.00,115.92,0.59,116.05,-0.03,116.17,0,116.30,0.03854,
,117.93,0,118.04,528,116.63,25.5,116.75,14.5,116.89,30.4,117.03,35.844,117.17,34.8,117.30,8.00,117.43,0.60,117.55,-0.03,117.68,0,117.82,0.04169,
,119.44,0,119.54,530,118.15,25.1,118.26,14.5,118.39,30.5,118.53,35.724,118.67,34.8,118.80,8.00,118.93,0.60,119.05,-0.03,119.19,0,119.32,0.03476,
,120.90,0,121.01,531,119.65,25.1,119.76,14.5,119.89,30.2,120.02,35.724,120.16,34.8,120.30,8.00,120.42,0.60,120.55,-0.03,120.67,0,120.80,0.01855,
,122.40,0,122.52,533,121.12,25.5,121.22,14.5,121.34,30.6,121.48,35.844,121.62,34.8,121.77,8.00,121.90,0.60,122.02,-0.03,122.15,0,122.30,0.02405,
,123.91,0,124.01,534,122.62,25.1,122.74,14.5,122.88,30.2,123.02,35.844,123.15,34.8,123.28,8.00,123.40,0.58,123.53,-0.03,123.67,0,123.80,0.02600,
,125.33,0,125.45,536,124.10,25.5,124.22,14.5,124.34,30.3,124.47,35.844,124.60,34.8,124.74,8.00,124.85,0.59,124.99,-0.03,125.11,0,125.24,0.02942,
,126.77,0,126.90,537,125.54,25.1,125.65,14.5,125.76,30.5,125.90,35.724,126.03,34.8,126.15,8.00,126.29,0.59,126.42,-0.03,126.55,0,126.67,0.03122,
,128.29,0,128.40,539,127.00,25.5,127.11,14.5,127.25,30.3,127.39,35.724,127.53,34.8,127.66,8.00,127.79,0.58,127.91,-0.03,128.05,0,128.18,0.04022,
,129.79,0,129.90,540,128.51,25.1,128.62,14.5,128.76,30.3,128.90,35.664,129.04,34.8,129.17,8.00,129.30,0.59,129.42,-0.03,129.55,0,129.68,0.02975,
,131.25,0,131.36,542,130.01,25.5,130.10,14.5,130.24,30.5,130.37,35.724,130.50,35.2,130.60,8.00,130.74,0.59,130.85,-0.03,131.01,0,131.14,0.03305,
,132.80,0,132.91,543,131.48,25.1,131.58,14.5,131.71,29.9,131.86,35.844,132.01,35.2,132.13,8.00,132.27,0.58,132.41,-0.03,132.54,0,132.69,0.04874,
,134.31,0,134.42,545,133.02,24.7,133.12,14.5,133.26,30.0,133.40,35.984,133.54,35.2,133.67,8.00,133.80,0.58,133.92,-0.03,134.06,0,134.20,0.02759,
,135.77,0,135.87,546,134.53,25.1,134.63,14.5,134.76,30.3,134.90,35.984,135.02,35.2,135.14,8.00,135.27,0.59,135.40,-0.03,135.54,0,135.67,0.04016,
,137.29,0,137.40,548,136.00,25.1,136.11,14.5,136.25,30.5,136.37,35.964,136.53,35.2,136.66,8.00,136.79,0.58,136.91,-0.03,137.04,0,137.18,0.03470,
,138.81,0,138.91,549,137.51,25.1,137.62,14.5,137.76,30.3,137.90,35.904,138.04,35.2,138.17,8.00,138.29,0.59,138.42,-0.03,138.55,0,138.70,0.02942,
,140.26,0,140.36,551,139.02,25.1,139.12,14.5,139.26,30.2,139.40,35.864,139.52,35.2,139.64,8.00,139.76,0.58,139.89,-0.03,140.02,0,140.16,0.02219,
,141.74,0,141.85,552,140.48,25.1,140.58,14.5,140.71,30.3,140.86,35.924,141.01,35.2,141.13,8.00,141.26,0.57,141.39,-0.03,141.52,0,141.64,0.04199,
,143.25,0,143.35,554,141.97,25.1,142.07,14.5,142.20,30.4,142.33,35.924,142.48,35.2,142.61,8.00,142.74,0.58,142.86,-0.03,143.01,0,143.14,0.04001,
,144.72,0,144.82,555,143.48,25.5,143.58,14.5,143.70,30.5,143.84,35.984,143.97,35.2,144.09,8.00,144.22,0.59,144.34,-0.03,144.47,0,144.60,0.05057,
,146.18,0,146.27,557,144.93,25.5,145.04,14.5,145.17,31.2,145.31,35.844,145.45,35.2,145.57,8.00,145.70,0.60,145.82,-0.03,145.96,0,146.08,0.02060,
,147.68,0,147.79,558,146.38,26.3,146.51,14.5,146.62,31.6,146.77,35.784,146.90,35.2,147.04,8.00,147.16,0.61,147.30,-0.03,147.43,0,147.58,0.04572,
,149.19,0,149.30,560,147.91,25.9,148.02,14.5,148.14,30.1,148.29,35.904,148.43,35.2,148.56,8.00,148.69,0.59,148.81,-0.03,148.95,0,149.09,0.03342,
,150.63,0,150.74,561,149.40,24.7,149.50,14.5,149.62,30.0,149.77,35.924,149.88,35.2,150.02,8.00,150.14,0.58,150.27,-0.03,150.40,0,150.53,0.02759,
,152.17,0,152.28,563,150.86,24.7,150.97,14.5,151.10,30.0,151.25,36.024,151.39,35.7,151.54,8.00,151.66,0.56,151.79,-0.03,151.91,0,152.05,0.02585,
,153.65,0,153.76,564,152.38,25.1,152.50,14.5,152.63,29.7,152.77,36.024,152.90,35.7,153.03,8.00,153.16,0.57,153.28,-0.03,153.41,0,153.54,0.03488,
,155.09,0,155.18,566,153.87,24.7,153.96,14.5,154.09,30.0,154.22,35.904,154.35,35.7,154.48,8.00,154.61,0.59,154.73,-0.03,154.87,0,154.99,0.03455,
,156.60,0,156.70,567,155.29,24.7,155.38,14.5,155.52,29.7,155.65,35.904,155.78,35.7,155.91,8.00,156.06,0.57,156.20,-0.03,156.34,0,156.49,0.02954,
,158.07,0,158.18,569,156.81,25.5,156.92,14.5,157.05,30.0,157.18,35.984,157.32,35.7,157.45,8.00,157.57,0.58,157.70,-0.03,157.83,0,157.96,0.04364,
,159.51,0,159.60,570,158.29,25.1,158.38,14.5,158.51,30.3,158.63,35.924,158.78,35.7,158.90,8.00,159.03,0.58,159.15,0.00,159.28,0,159.41,0.03854,
,161.04,0,161.15,571,159.71,25.1,159.83,14.5,159.95,29.9,160.10,35.984,160.24,35.7,160.37,8.00,160.52,0.59,160.63,0.00,160.79,0,160.94,0.03305,
,162.51,0,162.60,573,161.26,25.1,161.37,14.5,161.52,30.1,161.63,35.784,161.79,35.7,161.90,8.00,162.03,0.59,162.15,-0.03,162.28,0,162.41,0.03323,
,164.02,0,164.13,574,162.71,25.5,162.82,14.5,162.95,30.5,163.08,35.724,163.21,35.7,163.32,8.00,163.46,0.59,163.60,-0.03,163.75,0,163.89,0.04199,
,165.55,0,165.65,576,164.25,25.1,164.35,14.5,164.47,30.5,164.61,35.664,164.75,35.7,164.88,8.00,165.01,0.58,165.13,-0.03,165.29,0,165.43,0.02759,
,167.03,0,167.14,577,165.77,25.1,165.87,14.5,166.02,30.4,166.13,35.724,166.29,35.7,166.40,8.00,166.53,0.59,166.65,-0.03,166.78,0,166.92,0.05417,
,168.56,0,168.66,579,167.27,25.1,167.38,14.5,167.52,30.8,167.66,35.724,167.79,35.7,167.93,8.00,168.05,0.58,168.18,-0.03,168.31,0,168.45,0.03488,
,170.07,0,170.18,581,168.78,25.5,168.89,14.5,169.03,30.2,169.16,35.784,169.31,36.1,169.44,8.00,169.56,0.58,169.69,-0.03,169.82,0,169.96,0.02585,
,171.59,0,171.70,582,170.29,25.5,170.38,14.5,170.52,30.3,170.64,35.784,170.78,35.7,170.92,8.00,171.06,0.59,171.20,-0.03,171.34,0,171.49,0.04037,
,173.09,0,173.20,584,171.81,25.5,171.92,14.5,172.05,30.8,172.18,35.844,172.33,36.1,172.46,8.00,172.58,0.59,172.71,-0.03,172.84,0,172.98,0.03305,
,174.59,0,174.70,585,173.30,25.9,173.41,14.5,173.54,30.7,173.68,35.844,173.82,36.1,173.95,8.00,174.08,0.58,174.20,-0.03,174.34,0,174.48,0.03833,
,176.12,0,176.25,587,174.80,25.1,174.90,14.5,175.02,30.2,175.17,35.724,175.32,36.1,175.45,8.00,175.59,0.58,175.73,-0.03,175.88,0,176.03,0.03506,
,177.67,0,177.78,588,176.35,25.1,176.45,14.5,176.58,30.3,176.71,35.724,176.86,36.1,176.99,8.00,177.13,0.58,177.28,-0.03,177.42,0,177.56,0.02975,
,179.16,0,179.26,590,177.89,25.1,178.00,14.5,178.12,30.6,178.27,35.724,178.38,36.1,178.52,8.00,178.63,0.59,178.77,-0.03,178.89,0,179.04,0.05798,
,180.67,0,180.78,591,179.37,25.1,179.50,14.5,179.62,30.4,179.75,35.844,179.89,36.1,180.03,8.00,180.16,0.58,180.29,-0.03,180.42,0,180.56,0.03528,
,182.14,0,182.25,593,180.89,25.5,181.01,14.5,181.13,30.5,181.27,35.844,181.38,36.1,181.52,8.00,181.64,0.58,181.78,-0.03,181.91,0,182.04,0.04572,
,183.61,0,183.72,594,182.35,25.1,182.46,14.5,182.59,30.4,182.72,35.844,182.85,36.1,182.98,8.00,183.10,0.59,183.23,-0.03,183.36,0,183.50,0.02960,
,185.16,0,185.26,596,183.83,25.5,183.94,14.5,184.07,30.5,184.22,35.844,184.36,36.1,184.49,8.00,184.63,0.59,184.77,-0.03,184.89,0,185.04,0.04221,
,186.63,0,186.74,597,185.37,25.5,185.49,14.5,185.61,30.4,185.74,35.924,185.88,36.1,186.03,8.00,186.16,0.59,186.28,-0.03,186.41,0,186.53,0.04910,
,188.16,0,188.26,599,186.84,25.1,186.94,14.5,187.06,30.6,187.19,35.984,187.33,36.1,187.46,8.00,187.60,0.58,187.74,-0.03,187.89,0,188.05,0.04388,
,189.66,0,189.78,600,188.37,25.1,188.50,14.5,188.61,30.2,188.75,35.984,188.89,36.6,189.03,8.00,189.16,0.58,189.28,-0.03,189.41,0,189.56,0.03699,
,191.15,0,191.27,602,189.88,25.1,190.01,14.5,190.14,30.5,190.28,35.984,190.41,36.6,190.53,8.00,190.65,0.58,190.78,-0.03,190.91,0,191.03,0.04230,
,192.67,0,192.77,603,191.37,25.5,191.50,14.5,191.62,30.1,191.75,35.984,191.89,36.6,192.03,8.00,192.16,0.58,192.29,-0.03,192.42,0,192.55,0.04037,
,194.10,0,194.21,605,192.88,25.5,193.01,14.5,193.12,30.4,193.27,35.984,193.38,36.6,193.51,8.00,193.62,0.58,193.76,-0.03,193.88,0,194.02,0.04230,
,195.52,0,195.62,606,194.32,25.5,194.43,14.5,194.54,30.5,194.68,35.924,194.80,36.6,194.92,8.00,195.04,0.59,195.17,-0.03,195.30,0,195.42,0.03677,
,197.02,0,197.13,607,195.71,25.5,195.80,14.5,195.92,30.5,196.05,35.904,196.19,36.6,196.32,8.00,196.46,0.58,196.60,-0.03,196.75,0,196.89,0.05075,
,198.49,0,198.57,609,197.24,25.5,197.34,14.5,197.47,30.5,197.60,35.844,197.75,36.6,197.87,8.00,198.01,0.59,198.12,-0.03,198.27,0,198.38,0.02609,
,199.95,0,200.07,610,198.66,25.1,198.76,14.5,198.87,30.5,199.02,35.864,199.16,36.6,199.29,8.00,199.42,0.59,199.56,-0.03,199.71,0,199.85,0.04382,
,201.47,0,201.58,612,200.17,25.5,200.28,14.5,200.41,31.3,200.56,35.784,200.71,36.6,200.83,8.00,200.96,0.60,201.08,-0.03,201.22,0,201.36,0.03162,
,202.95,0,203.04,613,201.69,26.3,201.79,14.5,201.92,32.1,202.06,35.784,202.20,36.6,202.33,8.00,202.45,0.60,202.58,-0.03,202.71,0,202.85,0.03342,
,204.35,0,204.46,615,203.13,26.3,203.23,14.5,203.34,31.4,203.48,35.784,203.60,36.6,203.73,8.00,203.86,0.60,203.98,-0.03,204.11,0,204.25,0.04956,
,205.86,0,205.96,616,204.58,25.9,204.68,14.5,204.82,30.9,204.95,35.784,205.09,36.6,205.22,8.00,205.35,0.58,205.47,-0.03,205.60,0,205.75,0.04590,
,207.33,0,207.44,618,206.07,25.1,206.18,14.5,206.29,30.0,206.42,35.784,206.55,36.6,206.67,8.00,206.79,0.57,206.93,-0.03,207.08,0,207.22,0.04901,
,208.84,0,208.93,619,207.55,24.7,207.65,14.5,207.80,29.8,207.93,35.724,208.07,36.6,208.20,8.00,208.33,0.58,208.45,-0.03,208.59,0,208.73,0.03125,
,210.31,0,210.42,621,209.04,25.1,209.15,14.5,209.27,30.2,209.40,35.724,209.55,36.6,209.68,8.00,209.80,0.57,209.93,-0.03,210.06,0,210.20,0.02969,
,211.78,0,211.89,622,210.53,24.7,210.66,14.5,210.78,30.0,210.89,35.724,211.03,36.6,211.14,8.00,211.28,0.58,211.39,-0.03,211.54,0,211.66,0.05273,
,213.28,0,213.39,624,212.01,25.1,212.10,14.5,212.23,30.2,212.36,35.724,212.49,36.6,212.62,8.00,212.74,0.59,212.88,-0.03,213.02,0,213.16,0.05447,
,214.81,0,214.92,625,213.51,25.1,213.61,14.5,213.74,30.5,213.89,35.984,214.04,37.0,214.16,8.00,214.30,0.59,214.43,0.00,214.56,0,214.70,0.04047,
,216.32,0,216.43,627,215.03,25.5,215.14,14.5,215.28,30.7,215.40,36.044,215.56,37.0,215.69,8.00,215.81,0.59,215.94,-0.03,216.07,0,216.21,0.05331,
,217.86,0,217.97,628,216.54,25.5,216.65,14.5,216.79,30.7,216.93,36.044,217.05,37.0,217.18,8.00,217.32,0.59,217.46,0.00,217.61,0,217.75,0.04782,
,219.36,0,219.47,630,218.08,25.5,218.19,14.5,218.32,30.7,218.46,35.924,218.59,37.0,218.72,8.00,218.85,0.59,218.97,0.00,219.11,0,219.25,0.04404,
,220.85,0,220.96,631,219.58,25.5,219.68,14.5,219.81,30.6,219.95,36.024,220.09,37.0,220.22,8.00,220.34,0.58,220.47,-0.03,220.60,0,220.74,0.04562,
,222.42,0,222.53,633,221.08,25.9,221.19,14.5,221.32,30.5,221.47,36.104,221.61,37.0,221.74,8.00,221.88,0.59,222.03,-0.03,222.16,0,222.31,0.05304,
,223.93,0,224.04,634,222.64,25.1,222.76,14.5,222.88,30.5,223.01,36.104,223.15,37.0,223.30,8.00,223.42,0.59,223.55,-0.03,223.68,0,223.82,0.04221,
,225.43,0,225.55,636,224.15,25.5,224.27,14.5,224.39,30.8,224.54,36.044,224.66,37.5,224.79,8.00,224.91,0.59,225.05,-0.03,225.19,0,225.33,0.05304,
,226.97,0,227.08,637,225.64,25.5,225.76,14.5,225.88,30.8,226.05,35.984,226.17,37.5,226.31,8.00,226.45,0.58,226.58,-0.03,226.72,0,226.86,0.04254,
,228.47,0,228.57,639,227.19,25.5,227.30,14.5,227.42,30.8,227.56,35.984,227.70,37.0,227.83,8.00,227.95,0.59,228.08,-0.03,228.21,0,228.35,0.03348,
,229.94,0,230.05,640,228.68,25.5,228.79,14.5,228.92,30.7,229.06,35.984,229.20,37.5,229.33,8.00,229.45,0.59,229.57,-0.03,229.71,0,229.85,0.04755,
,231.47,0,231.58,642,230.16,25.5,230.28,14.5,230.41,31.0,230.56,35.984,230.70,37.5,230.83,8.00,230.96,0.58,231.08,-0.03,231.22,0,231.36,0.04413,
,232.97,0,233.08,643,231.69,25.1,231.80,14.5,231.93,30.8,232.06,35.904,232.20,37.0,232.33,8.00,232.46,0.59,232.58,-0.03,232.72,0,232.86,0.02811,
,234.46,0,234.57,645,233.18,25.1,233.29,14.5,233.42,30.7,233.56,35.964,233.70,37.5,233.83,8.00,233.95,0.59,234.07,-0.03,234.21,0,234.35,0.03906,
,236.03,0,236.14,646,234.68,25.1,234.80,14.5,234.93,30.1,235.08,35.844,235.22,37.5,235.35,8.00,235.49,0.59,235.63,-0.03,235.80,0,235.92,0.04984,
,237.53,0,237.64,648,236.26,25.1,236.36,14.5,236.49,30.7,236.62,35.844,236.76,37.5,236.89,8.00,237.03,0.59,237.14,-0.03,237.29,0,237.42,0.03882,
,239.03,0,239.14,649,237.76,25.1,237.86,14.5,237.98,30.7,238.12,35.844,238.26,37.5,238.39,8.00,238.53,0.59,238.64,-0.03,238.79,0,238.92,0.06140,
,240.53,0,240.64,651,239.26,25.1,239.36,14.5,239.49,30.8,239.62,35.784,239.76,37.5,239.89,8.00,240.03,0.59,240.14,-0.03,240.29,0,240.42,0.03882,
,242.05,0,242.17,652,240.75,25.1,240.85,14.5,240.98,30.6,241.12,35.784,241.26,37.5,241.39,8.00,241.54,0.59,241.65,-0.03,241.80,0,241.94,0.02811,
,243.59,0,243.70,654,242.28,25.5,242.39,14.5,242.54,30.8,242.67,35.784,242.81,37.5,242.94,8.00,243.08,0.59,243.21,-0.03,243.34,0,243.48,0.03699,
,245.07,0,245.18,656,243.81,25.5,243.92,14.5,244.05,30.3,244.18,35.784,244.32,37.5,244.45,8.00,244.58,0.58,244.70,-0.03,244.83,0,244.96,0.04245,
,246.64,0,246.76,657,245.27,25.5,245.40,14.5,245.55,30.1,245.69,35.844,245.83,37.5,245.96,8.00,246.10,0.59,246.24,-0.03,246.39,0,246.54,0.05820,
,248.14,0,248.25,659,246.86,25.5,246.97,14.5,247.10,30.6,247.23,35.904,247.37,37.5,247.50,8.00,247.63,0.58,247.75,-0.03,247.89,0,248.04,0.05670,
,249.67,0,249.78,660,248.35,25.5,248.46,14.5,248.59,30.7,248.72,35.924,248.85,37.5,248.98,8.00,249.12,0.59,249.26,-0.03,249.41,0,249.56,0.05447,
,251.18,0,251.29,662,249.89,25.5,250.02,14.5,250.13,30.7,250.27,35.924,250.41,37.5,250.55,8.00,250.68,0.59,250.80,-0.03,250.94,0,251.07,0.04413,
,252.65,0,252.76,663,251.40,25.1,251.52,14.5,251.66,30.7,251.80,35.984,251.93,37.5,252.04,8.00,252.17,0.60,252.29,-0.03,252.43,0,252.55,0.04596,
,254.20,0,254.31,665,252.86,25.1,252.97,14.5,253.10,30.7,253.25,35.984,253.39,38.0,253.53,8.00,253.66,0.59,253.80,-0.03,253.95,0,254.09,0.04062,
,255.71,0,255.82,666,254.42,25.1,254.53,14.5,254.66,30.7,254.80,35.984,254.95,38.0,255.08,8.00,255.20,0.59,255.33,-0.03,255.46,0,255.60,0.05295,
,257.21,0,257.32,668,255.93,25.5,256.04,14.5,256.17,30.7,256.31,35.984,256.45,38.0,256.58,8.00,256.71,0.61,256.83,-0.03,256.97,0,257.11,0.03906,
,258.69,0,258.79,669,257.43,25.9,257.54,14.5,257.67,31.3,257.81,35.984,257.95,38.0,258.08,8.00,258.20,0.61,258.32,-0.03,258.46,0,258.60,0.03882,
,260.19,0,260.30,671,258.88,26.3,259.00,14.5,259.12,31.5,259.27,35.804,259.41,38.0,259.55,8.00,259.68,0.61,259.80,-0.03,259.94,0,260.08,0.05167,
,261.72,0,261.83,672,260.41,25.1,260.53,14.5,260.66,30.6,260.81,35.844,260.95,38.0,261.08,8.00,261.21,0.58,261.33,-0.03,261.47,0,261.61,0.03540,
,263.21,0,263.33,674,261.94,24.7,262.05,14.5,262.17,30.1,262.31,35.924,262.44,38.0,262.58,8.00,262.70,0.58,262.83,-0.03,262.96,0,263.10,0.04590,
,264.78,0,264.88,675,263.44,24.7,263.55,14.5,263.68,29.3,263.83,35.984,263.97,38.0,264.10,8.00,264.24,0.56,264.38,-0.03,264.55,0,264.67,0.03528,
,266.30,0,266.40,677,265.00,24.7,265.10,14.5,265.23,29.8,265.37,35.984,265.51,38.0,265.64,8.00,265.78,0.57,265.91,-0.03,266.06,0,266.21,0.04214,
,267.75,0,267.85,678,266.50,24.7,266.59,14.5,266.72,29.4,266.85,35.964,267.00,38.0,267.12,8.00,267.25,0.57,267.37,-0.03,267.51,0,267.63,0.05545,
,269.22,0,269.33,680,267.96,24.7,268.07,14.5,268.18,29.5,268.32,35.924,268.44,38.0,268.57,8.00,268.71,0.57,268.83,-0.03,268.97,0,269.11,0.19559,
,270.71,0,270.82,681,269.44,25.1,269.55,14.5,269.67,30.0,269.81,35.844,269.95,38.0,270.08,8.00,270.20,0.58,270.32,-0.03,270.46,0,270.60,0.04437,
,272.16,0,272.26,683,270.91,24.7,271.02,14.5,271.13,30.2,271.28,35.844,271.41,38.0,271.54,8.00,271.67,0.58,271.79,-0.03,271.93,0,272.05,0.05322,
,273.67,0,273.78,684,272.36,25.5,272.47,14.5,272.60,30.3,272.75,35.784,272.89,38.0,273.03,8.00,273.14,0.58,273.28,-0.03,273.40,0,273.56,0.04782,
,275.19,0,275.29,686,273.89,25.5,274.01,14.5,274.13,30.2,274.27,35.784,274.40,38.0,274.55,8.00,274.67,0.59,274.80,0.00,274.94,0,275.08,0.05255,
,276.71,0,276.82,687,275.40,25.1,275.52,14.5,275.66,30.1,275.81,35.924,275.95,38.4,276.08,8.00,276.20,0.58,276.33,-0.03,276.46,0,276.60,0.05487,
,278.22,0,278.33,689,276.93,25.5,277.02,14.5,277.15,30.4,277.30,35.924,277.44,38.4,277.57,8.00,277.71,0.58,277.84,-0.03,277.99,0,278.11,0.05121,
,279.72,0,279.83,690,278.44,25.1,278.55,14.5,278.68,30.4,278.81,35.924,278.95,38.4,279.08,8.00,279.21,0.58,279.33,-0.03,279.47,0,279.61,0.04062,
,281.18,0,281.29,692,279.93,25.5,280.04,14.5,280.17,30.3,280.31,35.784,280.45,38.4,280.58,8.00,280.70,0.59,280.82,-0.03,280.96,0,281.08,0.06003,
,282.70,0,282.81,693,281.38,25.5,281.52,14.5,281.63,30.4,281.77,35.864,281.91,38.4,282.05,8.00,282.19,0.58,282.31,-0.03,282.45,0,282.59,0.04245,
,284.22,0,284.33,695,282.92,25.1,283.03,14.5,283.15,30.3,283.30,35.984,283.44,38.4,283.56,8.00,283.68,0.59,283.82,-0.03,283.97,0,284.11,0.04929,
,285.71,0,285.82,696,284.44,25.5,284.55,14.5,284.68,30.6,284.81,35.984,284.95,38.4,285.08,8.00,285.20,0.58,285.33,-0.03,285.46,0,285.60,0.05850,
,287.18,0,287.28,698,285.93,24.7,286.02,14.5,286.15,30.3,286.30,35.864,286.43,38.4,286.54,8.00,286.67,0.59,286.79,-0.03,286.93,0,287.05,0.04773,
,288.68,0,288.79,699,287.39,25.5,287.52,14.5,287.63,30.3,287.76,35.864,287.90,38.4,288.05,8.00,288.17,0.59,288.30,0.00,288.43,0,288.57,0.04773,
,290.16,0,290.27,701,288.90,25.5,289.02,14.5,289.15,30.2,289.30,35.784,289.43,38.4,289.56,8.00,289.69,0.58,289.81,-0.03,289.94,0,290.07,0.06003,
,291.69,0,291.80,702,290.37,25.5,290.48,14.5,290.59,30.6,290.74,35.804,290.88,38.4,291.01,8.00,291.15,0.58,291.30,-0.03,291.44,0,291.58,0.06500,
,293.22,0,293.33,704,291.91,25.5,292.03,14.5,292.16,30.3,292.31,35.844,292.45,38.4,292.58,8.00,292.71,0.59,292.83,-0.03,292.97,0,293.11,0.05139,
,294.72,0,294.83,705,293.43,24.7,293.54,14.5,293.67,30.6,293.81,35.924,293.95,38.4,294.07,8.00,294.20,0.59,294.32,-0.03,294.47,0,294.61,0.05991,
,296.22,0,296.32,707,294.94,25.9,295.05,14.5,295.18,30.9,295.31,35.924,295.45,38.4,295.58,8.00,295.70,0.60,295.83,-0.03,295.96,0,296.11,0.06033,
,297.71,0,297.82,708,296.43,25.5,296.54,14.5,296.67,30.9,296.81,35.924,296.95,38.4,297.08,8.00,297.20,0.60,297.32,-0.03,297.46,0,297.60,0.04269,
,299.27,0,299.36,710,297.93,25.9,298.04,14.5,298.17,30.5,298.30,35.924,298.44,38.9,298.57,8.00,298.71,0.59,298.85,-0.03,299.00,0,299.14,0.06183,
,300.75,0,300.85,711,299.47,25.9,299.58,14.5,299.70,30.8,299.84,35.984,299.98,38.4,300.11,8.00,300.23,0.59,300.36,-0.03,300.49,0,300.63,0.05487,
,302.18,0,302.27,713,300.96,25.5,301.07,14.5,301.20,30.6,301.33,35.984,301.46,38.9,301.58,8.00,301.70,0.60,301.82,-0.03,301.96,0,302.08,0.05148,
,303.69,0,303.80,714,302.38,25.9,302.48,14.5,302.60,30.9,302.75,35.984,302.89,38.9,303.04,8.00,303.16,0.59,303.30,-0.03,303.44,0,303.58,0.05121,
,305.22,0,305.32,716,303.90,25.5,304.03,14.5,304.16,30.7,304.31,35.984,304.45,38.9,304.58,8.00,304.70,0.58,304.83,-0.03,304.97,0,305.11,0.06207,
,306.65,0,306.77,717,305.43,25.1,305.54,14.5,305.67,30.4,305.80,35.984,305.93,38.9,306.04,8.00,306.17,0.59,306.29,-0.03,306.43,0,306.55,0.04099,
,308.17,0,308.28,719,306.87,25.5,306.98,14.5,307.10,30.2,307.24,35.984,307.36,38.9,307.48,8.00,307.62,0.58,307.76,-0.03,307.91,0,308.06,0.04825,
,309.68,0,309.79,720,308.39,25.5,308.51,14.5,308.63,30.6,308.76,35.984,308.90,38.9,309.05,8.00,309.17,0.58,309.30,-0.03,309.43,0,309.57,0.04083,
,311.19,0,311.30,722,309.88,25.5,310.01,14.5,310.12,30.5,310.26,35.984,310.40,38.9,310.52,8.00,310.65,0.58,310.80,-0.03,310.94,0,311.08,0.06387,
,312.71,0,312.82,723,311.41,25.1,311.53,14.5,311.66,29.9,311.81,35.984,311.95,38.9,312.08,8.00,312.20,0.58,312.33,-0.03,312.46,0,312.60,0.05121,
,314.19,0,314.30,725,312.93,25.9,313.04,14.5,313.17,31.2,313.31,35.984,313.45,38.9,313.57,8.00,313.70,0.60,313.82,0.00,313.96,0,314.08,0.04843,
,315.72,0,315.83,726,314.41,25.9,314.53,14.5,314.66,31.1,314.81,35.924,314.95,38.9,315.08,8.00,315.21,0.61,315.33,-0.03,315.47,0,315.61,0.03934,
,317.21,0,317.32,728,315.94,25.5,316.05,14.5,316.17,31.3,316.31,35.844,316.45,38.9,316.58,8.00,316.70,0.60,316.83,-0.03,316.96,0,317.10,0.06424,
,318.69,0,318.80,729,317.43,25.1,317.52,14.5,317.65,29.9,317.80,35.864,317.93,38.9,318.04,8.00,318.17,0.57,318.29,-0.03,318.44,0,318.58,0.06207,
,320.21,0,320.32,731,318.91,24.7,319.03,14.5,319.16,29.4,319.31,35.844,319.45,38.9,319.58,8.00,319.70,0.56,319.83,-0.03,319.96,0,320.10,0.00000,
,321.71,0,321.82,732,320.43,24.3,320.54,14.5,320.67,29.4,320.81,35.864,320.95,38.9,321.08,8.00,321.21,0.56,321.33,0.00,321.47,0,321.61,0.08316,
,323.15,0,323.27,734,321.93,24.7,322.02,14.5,322.15,29.6,322.30,36.104,322.43,38.9,322.54,8.00,322.67,0.57,322.79,-0.03,322.93,0,323.05,0.02322,
,324.69,0,324.79,735,323.38,24.7,323.49,14.5,323.62,29.5,323.77,36.104,323.91,38.9,324.05,8.00,324.18,0.57,324.30,-0.03,324.43,0,324.57,0.02542,
,326.20,0,326.31,737,324.90,24.3,325.02,14.5,325.16,29.6,325.30,36.104,325.43,39.3,325.56,8.00,325.69,0.58,325.81,0.00,325.95,0,326.09,0.03003,
,327.66,0,327.77,738,326.42,25.1,326.52,14.5,326.65,29.5,326.80,36.044,326.93,39.3,327.04,8.00,327.17,0.57,327.29,-0.03,327.43,0,327.55,0.02975,
,329.11,0,329.21,740,327.87,25.1,327.98,14.5,328.09,29.0,328.22,36.044,328.35,39.3,328.48,8.00,328.61,0.58,328.74,-0.03,328.87,0,329.01,0.06320,
,330.60,0,330.71,741,329.32,24.7,329.43,14.5,329.56,30.2,329.70,35.984,329.84,39.3,329.97,8.00,330.09,0.58,330.22,-0.03,330.36,0,330.49,0.04245,
,332.02,0,332.13,742,330.81,25.5,330.91,14.5,331.04,29.7,331.18,35.844,331.30,39.3,331.42,8.00,331.54,0.59,331.67,-0.03,331.80,0,331.93,0.06024,
,333.48,0,333.59,744,332.25,25.1,332.33,14.5,332.45,30.2,332.58,35.844,332.71,39.3,332.82,8.00,332.95,0.59,333.09,-0.03,333.24,0,333.38,0.05850,
,334.98,0,335.09,745,333.70,25.1,333.81,14.5,333.94,29.8,334.08,35.924,334.21,39.3,334.34,8.00,334.47,0.58,334.59,-0.03,334.73,0,334.87,0.05148,
,336.43,0,336.52,747,335.20,25.5,335.30,14.5,335.44,30.3,335.57,35.924,335.70,39.3,335.83,8.00,335.95,0.59,336.08,-0.03,336.21,0,336.33,0.05978,
,337.94,0,338.04,748,336.63,25.1,336.75,14.5,336.87,29.9,337.02,35.924,337.16,39.3,337.30,8.00,337.43,0.60,337.55,-0.03,337.69,0,337.83,0.06546,
,339.40,0,339.50,750,338.15,25.1,338.27,14.5,338.39,30.3,338.54,35.984,338.66,39.8,338.80,8.00,338.92,0.59,339.04,-0.03,339.18,0,339.30,0.05850,
,340.88,0,340.98,751,339.59,24.3,339.68,14.5,339.79,30.2,339.93,35.984,340.07,39.3,340.19,8.00,340.34,0.57,340.48,-0.03,340.63,0,340.77,0.05331,
,342.33,0,342.43,753,341.09,25.1,341.20,14.5,341.33,30.5,341.46,35.984,341.60,39.8,341.73,8.00,341.86,0.58,341.98,-0.03,342.11,0,342.24,0.06705,
,343.83,0,343.94,754,342.53,25.1,342.64,14.5,342.79,29.9,342.92,35.924,343.06,39.8,343.19,8.00,343.32,0.59,343.44,-0.03,343.58,0,343.72,0.05139,
,345.34,0,345.45,756,344.05,24.7,344.15,14.5,344.29,30.1,344.43,35.864,344.57,39.8,344.70,8.00,344.83,0.60,344.95,0.00,345.09,0,345.23,0.04462,
,346.84,0,346.95,757,345.56,25.5,345.65,14.5,345.77,29.9,345.90,35.784,346.04,39.8,346.15,8.00,346.30,0.59,346.45,-0.03,346.59,0,346.73,0.04462,
,348.27,0,348.38,759,347.06,25.1,347.17,14.5,347.29,30.2,347.43,35.864,347.55,39.8,347.67,8.00,347.79,0.59,347.92,-0.03,348.05,0,348.18,0.05518,
,349.82,0,349.92,760,348.50,24.7,348.60,14.5,348.71,29.9,348.86,35.804,349.00,39.8,349.13,8.00,349.29,0.57,349.41,-0.03,349.56,0,349.70,0.05322,
,351.34,0,351.45,762,350.04,25.1,350.14,14.5,350.29,30.2,350.43,35.924,350.56,39.8,350.69,8.00,350.83,0.58,350.96,-0.03,351.09,0,351.23,0.04428,
,352.82,0,352.91,763,351.56,25.1,351.66,14.5,351.79,30.1,351.93,35.864,352.05,39.8,352.18,8.00,352.32,0.58,352.46,-0.03,352.60,0,352.72,0.06909,
,354.34,0,354.45,765,353.02,24.7,353.14,14.5,353.28,30.0,353.42,35.924,353.56,39.8,353.69,8.00,353.82,0.59,353.96,-0.03,354.09,0,354.23,0.05872,
,355.84,0,355.95,766,354.56,25.1,354.67,14.5,354.80,30.0,354.94,35.924,355.07,39.8,355.21,8.00,355.33,0.58,355.46,-0.03,355.59,0,355.73,0.00000,
,357.31,0,357.42,768,356.04,24.3,356.13,14.5,356.27,30.2,356.39,35.984,356.53,39.8,356.65,8.00,356.80,0.58,356.93,-0.03,357.06,0,357.20,0.06766,
,358.78,0,358.89,769,357.52,24.7,357.63,14.5,357.77,29.7,357.89,36.104,358.03,39.8,358.13,8.00,358.28,0.58,358.40,0.00,358.53,0,358.66,0.05884,
,360.28,0,360.39,771,359.01,24.7,359.11,14.5,359.24,30.2,359.37,36.104,359.51,39.8,359.64,8.00,359.78,0.58,359.89,-0.03,360.04,0,360.17,0.00000,
,361.77,0,361.87,772,360.50,25.1,360.60,14.5,360.73,30.2,360.87,36.104,361.01,39.8,361.14,8.00,361.27,0.58,361.39,-0.03,361.53,0,361.66,0.00000,
,363.28,0,363.39,774,361.96,24.7,362.05,14.5,362.18,29.9,362.33,36.104,362.47,39.8,362.60,8.00,362.73,0.58,362.87,-0.03,363.01,0,363.15,0.12732,
,364.77,0,364.89,775,363.51,24.7,363.60,14.5,363.73,29.6,363.87,36.044,364.01,39.8,364.14,8.00,364.27,0.57,364.39,-0.03,364.54,0,364.66,0.11929,
,366.28,0,366.39,777,365.00,25.1,365.10,14.5,365.23,29.6,365.37,36.044,365.51,40.2,365.62,8.00,365.75,0.57,365.88,-0.03,366.01,0,366.15,0.01328,
,367.79,0,367.88,778,366.51,24.7,366.61,14.5,366.74,29.8,366.89,36.004,367.04,40.2,367.18,8.00,367.31,0.57,367.43,-0.03,367.57,0,367.69,0.01175,
,369.28,0,369.39,780,368.00,24.3,368.10,14.5,368.23,29.8,368.37,35.924,368.51,40.2,368.64,8.00,368.78,0.58,368.89,-0.03,369.04,0,369.17,0.54007,
,370.83,0,370.94,781,369.52,25.5,369.62,14.5,369.76,30.1,369.91,35.984,370.05,40.2,370.17,8.00,370.32,0.58,370.44,-0.03,370.58,0,370.72,0.09018,
,372.38,0,372.49,783,371.06,25.1,371.17,14.5,371.31,30.7,371.45,35.984,371.59,40.2,371.72,8.00,371.85,0.60,371.98,-0.03,372.12,0,372.26,0.09100,
,373.85,0,373.96,784,372.58,25.1,372.69,14.5,372.81,30.6,372.96,35.984,373.10,40.2,373.22,8.00,373.34,0.58,373.46,-0.03,373.60,0,373.74,0.08612,
,375.37,0,375.48,786,374.06,24.3,374.17,14.5,374.32,29.5,374.46,35.984,374.59,40.2,374.72,8.00,374.85,0.57,374.98,-0.03,375.13,0,375.26,0.09241,
,376.89,0,376.99,787,375.59,24.3,375.70,14.5,375.83,28.6,375.98,36.044,376.12,40.2,376.25,8.00,376.38,0.55,376.50,-0.03,376.64,0,376.78,0.09167,
,378.33,0,378.44,789,377.10,23.9,377.22,14.5,377.34,28.5,377.47,36.044,377.60,40.2,377.71,8.00,377.84,0.55,377.97,-0.03,378.11,0,378.24,0.09064,
,379.85,0,379.96,790,378.55,23.5,378.66,14.5,378.78,28.6,378.91,35.984,379.07,40.2,379.19,8.00,379.31,0.56,379.45,0.00,379.60,0,379.73,0.09064,
,381.32,0,381.41,792,380.06,24.3,380.17,14.5,380.31,28.5,380.45,35.984,380.59,40.2,380.71,8.00,380.84,0.56,380.97,0.00,381.10,0,381.22,0.09167,
,382.85,0,382.96,793,381.53,23.9,381.63,14.5,381.74,29.0,381.89,35.984,382.04,40.2,382.16,8.00,382.31,0.57,382.45,-0.03,382.59,0,382.74,0.09064,
,384.36,0,384.47,795,383.06,24.7,383.17,14.5,383.31,29.3,383.46,36.044,383.59,40.2,383.72,8.00,383.85,0.57,383.97,-0.03,384.11,0,384.25,0.09271,
,385.85,0,385.96,796,384.57,24.3,384.68,14.5,384.81,29.5,384.95,36.044,385.09,40.2,385.22,8.00,385.34,0.56,385.47,-0.03,385.61,0,385.74,0.09375,
,387.32,0,387.42,798,386.07,24.3,386.18,14.5,386.31,29.5,386.44,35.964,386.57,40.7,386.68,8.00,386.81,0.57,386.93,-0.03,387.07,0,387.21,0.08334,
,388.86,0,388.97,799,387.53,24.7,387.64,14.5,387.77,29.7,387.93,35.984,388.08,40.7,388.21,8.00,388.33,0.57,388.47,-0.03,388.61,0,388.75,0.08960,
,390.36,0,390.47,801,389.08,24.3,389.20,14.5,389.34,29.4,389.47,35.924,389.60,40.2,389.71,8.00,389.84,0.57,389.97,-0.03,390.10,0,390.25,0.08231,
,391.91,0,392.03,802,390.58,24.7,390.69,14.5,390.82,29.7,390.95,36.044,391.10,40.7,391.23,8.00,391.37,0.57,391.51,0.00,391.66,0,391.81,0.09344,
,393.40,0,393.52,804,392.12,24.7,392.23,14.5,392.36,29.9,392.49,36.104,392.63,40.7,392.76,8.00,392.89,0.57,393.02,-0.03,393.15,0,393.30,0.09064,
,394.84,0,394.96,805,393.60,24.7,393.70,14.5,393.81,29.7,393.94,36.104,394.07,40.7,394.18,8.00,394.31,0.56,394.45,0.00,394.60,0,394.74,0.09271,
,396.35,0,396.46,807,395.06,23.9,395.17,14.5,395.32,29.8,395.45,36.104,395.59,40.7,395.72,8.00,395.85,0.58,395.97,-0.03,396.11,0,396.25,0.09375,
,397.87,0,397.98,808,396.57,24.3,396.67,14.5,396.80,29.3,396.94,36.104,397.09,40.7,397.21,8.00,397.34,0.56,397.48,-0.03,397.62,0,397.76,0.10062,
,399.38,0,399.49,810,398.09,23.9,398.20,14.5,398.34,29.1,398.48,36.044,398.62,40.7,398.75,8.00,398.88,0.57,399.00,-0.03,399.13,0,399.27,0.09482,
,400.88,0,400.98,811,399.60,24.7,399.71,14.5,399.83,29.4,399.97,36.044,400.11,40.7,400.24,8.00,400.36,0.56,400.49,0.00,400.62,0,400.76,0.09482,
,402.36,0,402.46,813,401.09,24.7,401.20,14.5,401.33,29.1,401.47,36.044,401.60,41.1,401.73,8.00,401.86,0.54,401.99,-0.03,402.12,0,402.25,0.09399,
,403.87,0,403.98,814,402.57,24.3,402.67,14.5,402.81,29.5,402.96,35.984,403.10,41.1,403.23,8.00,403.36,0.55,403.49,-0.03,403.63,0,403.76,0.09717,
,405.37,0,405.48,816,404.09,24.7,404.20,14.5,404.33,29.5,404.46,35.984,404.60,41.1,404.73,8.00,404.86,0.56,404.98,0.00,405.12,0,405.26,0.09689,
,406.82,0,406.93,817,405.59,24.7,405.69,14.5,405.82,29.1,405.96,35.984,406.08,41.1,406.20,8.00,406.32,0.55,406.45,-0.03,406.58,0,406.71,0.10315,
,408.40,0,408.50,819,407.05,24.3,407.16,14.5,407.30,28.9,407.44,35.924,407.58,41.1,407.71,8.00,407.85,0.57,407.99,-0.03,408.15,0,408.28,0.09717,
,409.89,0,410.00,820,408.61,23.9,408.72,14.5,408.85,29.3,408.98,35.984,409.12,41.1,409.26,8.00,409.39,0.56,409.52,-0.03,409.65,0,409.77,0.09793,
,411.38,0,411.49,822,410.10,24.3,410.21,14.5,410.34,29.0,410.48,35.864,410.62,41.1,410.75,8.00,410.87,0.56,411.00,-0.03,411.13,0,411.27,0.09610,
,412.87,0,412.96,823,411.60,24.3,411.71,14.5,411.84,29.4,411.97,36.044,412.10,41.1,412.21,8.00,412.36,0.55,412.49,0.00,412.64,0,412.77,0.09689,
,414.38,0,414.48,825,413.05,23.9,413.16,14.5,413.31,28.9,413.46,36.064,413.60,41.1,413.73,8.00,413.86,0.56,413.99,-0.03,414.12,0,414.27,0.09821,
,415.89,0,416.00,826,414.60,23.9,414.72,14.5,414.85,28.9,414.98,36.104,415.12,41.1,415.25,8.00,415.38,0.55,415.50,0.00,415.64,0,415.78,0.09821,
,417.38,0,417.49,828,416.10,23.9,416.21,14.5,416.34,29.0,416.48,36.104,416.62,41.1,416.75,8.00,416.87,0.55,417.00,-0.03,417.13,0,417.27,0.09927,
,418.87,0,418.98,829,417.60,23.9,417.71,14.5,417.83,29.1,417.97,36.104,418.11,41.1,418.24,8.00,418.36,0.56,418.49,-0.03,418.62,0,418.76,0.09793,
,420.38,0,420.49,831,419.09,24.3,419.20,14.5,419.33,28.8,419.46,36.104,419.60,41.1,419.71,8.00,419.84,0.55,419.96,-0.03,420.11,0,420.26,0.09927,
,421.88,0,421.98,832,420.60,24.3,420.70,14.9,420.83,28.4,420.97,36.044,421.11,41.1,421.24,8.00,421.36,0.55,421.49,-0.03,421.62,0,421.76,0.10626,
,423.38,0,423.48,834,422.09,23.9,422.20,14.5,422.33,28.9,422.47,36.044,422.60,41.1,422.74,8.00,422.86,0.55,422.99,-0.03,423.12,0,423.27,0.10034,
,424.85,0,424.94,835,423.59,24.3,423.70,14.9,423.83,29.0,423.96,36.044,424.10,41.6,424.24,8.00,424.36,0.54,424.48,-0.03,424.62,0,424.76,0.09927,
,426.36,0,426.47,837,425.05,23.9,425.16,14.9,425.31,29.1,425.46,35.984,425.59,41.6,425.72,8.00,425.85,0.56,425.97,0.00,426.11,0,426.25,0.10034,
,427.87,0,427.98,838,426.58,25.1,426.69,14.5,426.82,29.7,426.96,36.044,427.11,41.6,427.23,8.00,427.36,0.57,427.48,-0.03,427.62,0,427.76,0.10001,
,429.41,0,429.53,840,428.09,25.5,428.20,14.9,428.32,30.1,428.47,36.104,428.61,41.6,428.74,8.00,428.87,0.56,429.01,-0.03,429.16,0,429.31,0.09897,
,430.91,0,431.02,841,429.62,23.9,429.73,14.9,429.86,28.7,430.00,36.104,430.14,41.6,430.27,8.00,430.39,0.55,430.52,0.00,430.66,0,430.81,0.09821,
,432.37,0,432.46,843,431.12,23.5,431.23,14.9,431.36,28.0,431.49,36.044,431.63,41.6,431.76,8.00,431.89,0.53,432.02,0.00,432.14,0,432.27,0.10001,
,433.86,0,433.97,844,432.56,23.9,432.67,14.9,432.82,28.1,432.96,36.044,433.09,41.6,433.22,8.00,433.35,0.53,433.47,0.00,433.61,0,433.75,0.10666,
,435.36,0,435.47,846,434.07,23.5,434.18,14.9,434.32,27.9,434.45,35.984,434.59,41.6,434.72,8.00,434.84,0.53,434.97,0.00,435.10,0,435.24,0.10077,
,436.86,0,436.96,847,435.57,24.3,435.68,14.9,435.81,28.2,435.95,36.104,436.09,41.6,436.22,8.00,436.34,0.54,436.47,-0.03,436.60,0,436.74,0.10138,
,438.34,0,438.45,849,437.07,23.9,437.18,14.9,437.31,28.2,437.45,35.984,437.59,41.6,437.72,8.00,437.84,0.54,437.97,-0.03,438.10,0,438.23,0.10184,
,439.84,0,439.96,850,438.54,24.7,438.65,14.9,438.79,28.3,438.91,35.924,439.06,41.6,439.18,8.00,439.32,0.54,439.46,0.00,439.59,0,439.73,0.10184,
,441.36,0,441.46,852,440.06,24.7,440.17,14.9,440.31,28.2,440.45,35.984,440.59,42.0,440.72,8.00,440.84,0.54,440.97,0.00,441.10,0,441.24,0.10291,
,442.89,0,443.01,853,441.57,24.7,441.68,14.5,441.80,28.4,441.94,36.124,442.10,42.0,442.23,8.00,442.36,0.54,442.50,0.00,442.65,0,442.78,0.11362,
,444.39,0,444.50,855,443.10,23.9,443.20,14.9,443.33,28.5,443.48,36.184,443.62,42.0,443.76,8.00,443.88,0.53,444.00,0.00,444.14,0,444.28,0.10220,
,445.85,0,445.94,856,444.60,24.3,444.72,14.9,444.84,28.4,444.98,36.124,445.12,42.0,445.25,8.00,445.37,0.54,445.49,-0.03,445.63,0,445.75,0.10110,
,447.37,0,447.48,858,446.06,24.3,446.17,14.5,446.31,28.5,446.45,35.984,446.61,42.0,446.74,8.00,446.86,0.53,446.99,0.00,447.13,0,447.26,0.10184,
,448.88,0,448.99,859,447.59,24.3,447.70,14.5,447.84,28.3,447.98,36.044,448.12,42.0,448.25,8.00,448.38,0.54,448.50,-0.03,448.63,0,448.77,0.10397,
,450.32,0,450.41,861,449.10,24.7,449.21,14.9,449.34,28.7,449.47,36.124,449.60,42.0,449.71,8.00,449.84,0.54,449.96,0.00,450.10,0,450.22,0.11255,
,451.74,0,451.85,862,450.52,24.3,450.63,14.5,450.74,28.7,450.88,36.104,451.00,42.0,451.12,8.00,451.25,0.54,451.37,-0.03,451.51,0,451.65,0.11722,
,453.23,0,453.34,864,451.95,23.5,452.07,14.9,452.19,28.3,452.32,36.224,452.44,42.0,452.60,8.00,452.72,0.54,452.84,-0.03,452.98,0,453.12,0.10504,
,454.71,0,454.81,865,453.45,23.5,453.57,14.5,453.68,28.1,453.83,36.244,453.94,42.0,454.08,8.00,454.21,0.54,454.34,-0.03,454.47,0,454.61,0.10291,
,456.23,0,456.34,867,454.92,24.3,455.02,14.9,455.15,28.6,455.28,36.104,455.43,42.0,455.55,8.00,455.69,0.54,455.85,0.00,455.98,0,456.12,0.11829,
,457.76,0,457.87,868,456.45,25.1,456.58,14.5,456.70,28.6,456.86,36.044,456.99,42.5,457.13,8.00,457.25,0.53,457.38,-0.03,457.51,0,457.65,0.10876,
,459.29,0,459.40,870,457.98,24.3,458.08,14.5,458.21,28.0,458.37,36.104,458.52,42.0,458.65,8.00,458.77,0.54,458.91,-0.03,459.04,0,459.18,0.10437,
,460.77,0,460.88,871,459.52,25.1,459.62,14.5,459.75,28.1,459.89,36.104,460.02,42.0,460.16,8.00,460.28,0.54,460.40,0.00,460.53,0,460.66,0.09457,
,462.28,0,462.38,873,460.99,25.1,461.09,14.5,461.22,28.4,461.37,36.104,461.52,42.5,461.64,8.00,461.77,0.53,461.89,0.00,462.03,0,462.17,0.10654,
,463.75,0,463.86,874,462.49,24.7,462.60,14.5,462.71,28.3,462.86,36.104,462.99,42.5,463.11,8.00,463.23,0.54,463.35,0.00,463.50,0,463.64,0.10654,
,465.27,0,465.38,876,463.97,24.3,464.09,14.5,464.22,28.3,464.37,36.104,464.51,42.5,464.64,8.00,464.77,0.53,464.89,0.00,465.02,0,465.16,0.10870,
,466.78,0,466.89,877,465.48,23.9,465.59,14.5,465.73,28.0,465.87,36.104,466.01,42.5,466.14,8.00,466.27,0.53,466.39,0.00,466.53,0,466.67,0.10806,
,468.27,0,468.38,879,467.00,24.3,467.10,14.5,467.23,28.1,467.37,36.124,467.51,42.5,467.64,8.00,467.76,0.53,467.89,0.00,468.02,0,468.16,0.10806,
,469.72,0,469.84,880,468.49,24.3,468.60,14.5,468.73,28.0,468.86,35.924,468.99,42.9,469.11,8.00,469.23,0.52,469.35,-0.03,469.49,0,469.61,0.11026,
,471.26,0,471.37,882,469.95,23.9,470.08,14.9,470.20,28.0,470.36,35.984,470.49,42.9,470.61,8.00,470.74,0.53,470.87,-0.03,471.00,0,471.14,0.11026,
,472.78,0,472.89,883,471.49,24.3,471.60,14.5,471.72,28.0,471.87,35.984,472.02,42.9,472.14,8.00,472.27,0.52,472.39,-0.03,472.53,0,472.67,0.10638,
,474.28,0,474.39,885,472.99,24.3,473.11,14.9,473.23,28.0,473.37,35.984,473.51,42.9,473.64,8.00,473.77,0.52,473.89,-0.03,474.03,0,474.17,0.10864,
,475.74,0,475.83,886,474.49,24.3,474.60,14.5,474.73,27.9,474.87,35.984,475.01,42.9,475.14,8.00,475.26,0.52,475.38,-0.03,475.52,0,475.64,0.10529,
,477.25,0,477.36,888,475.94,24.3,476.07,14.5,476.18,28.0,476.31,36.104,476.46,42.9,476.60,8.00,476.72,0.52,476.86,-0.03,477.00,0,477.14,0.10977,
,478.77,0,478.88,889,477.47,24.3,477.59,14.5,477.72,27.8,477.87,36.104,478.01,42.9,478.14,8.00,478.26,0.52,478.39,0.00,478.52,0,478.67,0.10916,
,480.27,0,480.38,891,478.98,24.3,479.08,14.5,479.20,27.7,479.35,36.104,479.47,42.9,479.60,8.00,479.73,0.52,479.87,0.00,480.02,0,480.16,0.11200,
,481.79,0,481.90,892,480.48,23.9,480.61,14.5,480.74,27.5,480.88,36.044,481.03,42.9,481.16,8.00,481.28,0.52,481.41,-0.03,481.54,0,481.68,0.10916,
,483.26,0,483.37,894,482.01,23.9,482.12,14.5,482.25,27.9,482.39,36.064,482.52,42.9,482.65,8.00,482.78,0.53,482.90,-0.03,483.03,0,483.16,0.11087,
,484.76,0,484.87,895,483.46,23.9,483.57,14.5,483.71,28.6,483.87,36.104,484.00,43.4,484.13,8.00,484.25,0.54,484.38,0.00,484.51,0,484.65,0.11026,
,486.27,0,486.38,897,484.98,24.3,485.10,14.5,485.24,27.9,485.38,36.184,485.53,42.9,485.66,8.00,485.78,0.53,485.90,-0.03,486.04,0,486.17,0.11249,
,487.77,0,487.88,898,486.48,24.7,486.58,14.5,486.68,27.2,486.81,36.184,486.96,43.4,487.09,8.00,487.23,0.51,487.38,-0.03,487.52,0,487.66,0.10751,
,489.29,0,489.40,900,487.98,23.5,488.11,14.5,488.24,27.2,488.39,36.124,488.51,43.4,488.65,8.00,488.77,0.51,488.91,0.00,489.04,0,489.19,0.11023,
,490.78,0,490.88,901,489.51,23.1,489.62,14.9,489.75,26.4,489.89,35.924,490.02,43.4,490.16,8.00,490.28,0.51,490.40,-0.03,490.53,0,490.66,0.11139,
,492.28,0,492.39,903,490.98,23.5,491.10,14.9,491.22,26.9,491.36,35.984,491.50,43.4,491.64,8.00,491.77,0.50,491.89,-0.03,492.03,0,492.17,0.11139,
,493.80,0,493.91,904,492.50,23.9,492.62,14.5,492.76,27.3,492.90,36.064,493.04,43.4,493.17,8.00,493.30,0.51,493.42,-0.03,493.55,0,493.69,0.11423,
,495.27,0,495.38,906,494.02,23.9,494.13,14.5,494.24,27.2,494.39,36.044,494.52,43.4,494.63,8.00,494.76,0.51,494.88,-0.03,495.02,0,495.16,0.11252,
,496.78,0,496.89,907,495.49,23.9,495.61,14.9,495.72,27.5,495.89,36.164,496.02,43.4,496.15,8.00,496.27,0.51,496.39,-0.03,496.53,0,496.67,0.12433,
,498.31,0,498.42,909,497.00,24.3,497.12,14.5,497.25,27.5,497.40,36.184,497.54,43.4,497.67,8.00,497.80,0.52,497.93,0.00,498.06,0,498.20,0.11536,
,499.80,0,499.92,910,498.52,23.9,498.63,14.5,498.76,27.4,498.90,36.104,499.04,43.4,499.17,8.00,499.29,0.52,499.42,-0.03,499.56,0,499.69,0.11423,
,501.33,0,501.44,912,500.03,24.3,500.13,14.9,500.25,27.2,500.39,35.984,500.52,43.4,500.65,8.00,500.79,0.52,500.93,-0.03,501.08,0,501.22,0.11313,
,502.82,0,502.93,913,501.54,24.3,501.65,14.5,501.78,27.4,501.92,35.984,502.06,43.4,502.19,8.00,502.31,0.52,502.43,-0.03,502.57,0,502.71,0.11252,
,504.31,0,504.42,915,503.04,23.9,503.15,14.5,503.26,27.2,503.39,36.044,503.52,43.4,503.65,8.00,503.79,0.52,503.91,-0.03,504.06,0,504.20,0.11649,
,505.81,0,505.91,916,504.53,23.9,504.64,14.5,504.77,27.6,504.91,36.044,505.04,43.4,505.17,8.00,505.30,0.52,505.42,0.00,505.56,0,505.70,0.10001,
,507.26,0,507.37,918,506.02,23.5,506.14,14.5,506.26,28.1,506.39,36.104,506.52,43.4,506.65,8.00,506.78,0.52,506.91,-0.03,507.03,0,507.16,0.11536,
,508.77,0,508.87,919,507.47,24.3,507.56,14.9,507.69,27.3,507.83,36.044,507.97,43.4,508.10,8.00,508.23,0.51,508.38,0.00,508.50,0,508.65,0.11365,
,510.29,0,510.38,921,508.98,24.7,509.10,14.5,509.22,27.5,509.36,36.044,509.49,43.8,509.64,8.00,509.76,0.51,509.88,0.00,510.03,0,510.18,0.11365,
,511.86,0,511.95,922,510.49,24.7,510.61,14.5,510.74,27.2,510.91,36.164,511.03,43.8,511.17,8.00,511.31,0.52,511.44,0.00,511.59,0,511.74,0.11478,
,513.32,0,513.41,924,512.06,23.9,512.17,14.5,512.29,27.5,512.43,36.044,512.57,43.8,512.70,8.00,512.82,0.52,512.96,-0.03,513.09,0,513.22,0.11478,
,514.88,0,514.99,925,513.52,23.5,513.63,14.5,513.76,27.4,513.90,36.164,514.04,43.8,514.18,8.00,514.32,0.52,514.46,0.00,514.62,0,514.76,0.11594,
,516.41,0,516.52,927,515.11,24.3,515.21,14.5,515.34,27.5,515.49,36.044,515.64,43.8,515.76,8.00,515.89,0.50,516.02,0.00,516.15,0,516.29,0.11594,
,517.91,0,518.02,928,516.63,23.9,516.73,14.5,516.87,27.5,517.00,36.044,517.15,43.8,517.29,8.00,517.41,0.51,517.53,0.00,517.66,0,517.80,0.11594,
,519.38,0,519.49,930,518.14,23.5,518.25,14.5,518.39,27.1,518.52,36.064,518.66,43.8,518.77,8.00,518.90,0.51,519.03,0.00,519.16,0,519.29,0.11707,
,520.91,0,521.02,931,519.61,23.5,519.71,14.9,519.85,27.2,519.99,36.244,520.14,43.8,520.26,8.00,520.40,0.51,520.52,0.00,520.65,0,520.79,0.11536,
,522.38,0,522.51,933,521.12,24.3,521.23,14.5,521.37,26.9,521.50,36.244,521.65,43.8,521.78,8.00,521.91,0.51,522.03,-0.03,522.16,0,522.29,0.11932,
,523.94,0,524.05,934,522.60,24.3,522.71,14.9,522.84,26.8,522.99,36.244,523.13,43.8,523.26,8.00,523.40,0.51,523.54,0.00,523.69,0,523.83,0.11819,
,525.44,0,525.55,936,524.15,23.9,524.27,14.9,524.39,27.2,524.53,36.184,524.67,43.8,524.80,8.00,524.93,0.51,525.05,0.00,525.19,0,525.32,0.11932,
,526.96,0,527.06,937,525.65,23.5,525.76,14.9,525.89,26.5,526.02,36.244,526.16,43.8,526.28,8.00,526.42,0.51,526.56,-0.03,526.71,0,526.84,0.11768,
,528.45,0,528.56,939,527.18,23.5,527.28,14.9,527.41,27.0,527.54,36.364,527.68,43.8,527.81,8.00,527.93,0.51,528.06,0.00,528.20,0,528.34,0.11075,
,529.96,0,530.07,940,528.68,23.5,528.77,14.5,528.90,27.1,529.04,36.344,529.18,43.8,529.30,8.00,529.43,0.50,529.56,0.00,529.71,0,529.85,0.11652,
,531.45,0,531.56,942,530.18,23.1,530.28,14.5,530.41,26.5,530.55,36.364,530.68,43.8,530.82,8.00,530.94,0.51,531.07,0.00,531.20,0,531.34,0.12387,
,532.93,0,533.04,943,531.67,23.1,531.78,14.9,531.91,27.0,532.04,36.224,532.18,43.8,532.32,8.00,532.44,0.50,532.56,0.00,532.69,0,532.83,0.12048,
,534.40,0,534.50,945,533.15,23.1,533.26,14.9,533.39,26.7,533.52,36.104,533.64,43.8,533.76,8.00,533.89,0.50,534.01,-0.03,534.14,0,534.29,0.12048,
,535.93,0,536.04,946,534.63,23.5,534.73,14.9,534.88,26.6,535.00,36.104,535.16,44.3,535.29,8.00,535.41,0.51,535.54,0.00,535.67,0,535.81,0.12161,
,537.44,0,537.54,948,536.14,23.5,536.25,14.9,536.39,27.0,536.53,36.164,536.67,43.8,536.80,8.00,536.93,0.50,537.05,0.00,537.18,0,537.32,0.12274,
,538.91,0,539.02,949,537.66,23.5,537.76,14.9,537.89,27.4,538.02,36.184,538.17,44.3,538.29,8.00,538.42,0.52,538.54,0.00,538.67,0,538.80,0.12048,
,540.46,0,540.55,951,539.13,23.9,539.23,14.5,539.35,27.9,539.50,36.184,539.65,44.3,539.77,8.00,539.91,0.53,540.04,0.00,540.19,0,540.33,0.12320,
,541.94,0,542.05,952,540.64,23.9,540.76,14.5,540.88,27.8,541.02,36.244,541.17,43.8,541.29,8.00,541.42,0.51,541.55,0.00,541.69,0,541.82,0.12320,
,543.43,0,543.53,954,542.16,23.9,542.27,14.5,542.41,26.9,542.54,36.184,542.67,44.3,542.79,8.00,542.93,0.49,543.05,0.00,543.17,0,543.31,0.12274,
,544.90,0,544.99,955,543.63,23.1,543.74,14.5,543.86,26.3,544.00,36.304,544.15,43.8,544.27,8.00,544.40,0.49,544.53,0.00,544.66,0,544.80,0.12344,
,546.34,0,546.45,957,545.09,22.7,545.20,14.5,545.32,26.0,545.46,36.284,545.59,44.3,545.71,8.00,545.85,0.50,545.97,0.00,546.11,0,546.24,0.12344,
,547.83,0,547.93,958,546.56,22.7,546.67,14.5,546.78,26.3,546.92,36.244,547.06,44.3,547.19,8.00,547.31,0.50,547.43,-0.03,547.58,0,547.72,0.12228,
,549.33,0,549.44,960,548.04,22.7,548.15,14.5,548.26,26.5,548.42,36.164,548.56,44.3,548.68,8.00,548.81,0.49,548.94,0.00,549.07,0,549.22,0.13638,
,550.80,0,550.91,961,549.54,23.1,549.65,14.5,549.76,26.3,549.92,36.304,550.05,44.3,550.18,8.00,550.30,0.50,550.42,0.00,550.56,0,550.70,0.12616,
,552.31,0,552.42,963,551.03,22.7,551.14,14.5,551.26,26.0,551.43,36.284,551.57,44.3,551.69,8.00,551.81,0.51,551.94,-0.03,552.07,0,552.21,0.12500,
,553.80,0,553.91,964,552.52,23.9,552.63,14.9,552.77,26.6,552.92,36.284,553.05,44.3,553.19,8.00,553.31,0.50,553.43,0.00,553.57,0,553.69,0.12842,
,555.33,0,555.44,966,554.02,23.1,554.14,14.9,554.27,26.7,554.42,36.164,554.56,44.3,554.69,8.00,554.82,0.50,554.94,0.00,555.07,0,555.22,0.12729,
,556.81,0,556.91,967,555.54,23.1,555.65,14.9,555.78,26.6,555.91,36.104,556.06,44.3,556.19,8.00,556.32,0.50,556.44,-0.03,556.57,0,556.69,0.12729,
,558.39,0,558.50,969,557.01,23.9,557.13,14.5,557.26,26.8,557.42,36.104,557.57,44.3,557.70,8.00,557.84,0.51,557.97,0.00,558.12,0,558.26,0.11478,
,559.92,0,560.03,970,558.62,23.1,558.72,14.5,558.84,26.3,558.98,36.104,559.12,44.3,559.25,8.00,559.38,0.49,559.51,-0.03,559.67,0,559.82,0.12955,
,561.45,0,561.56,972,560.14,23.9,560.25,14.9,560.39,26.4,560.51,36.184,560.67,44.3,560.80,8.00,560.93,0.50,561.05,0.00,561.20,0,561.34,0.12500,
,562.93,0,563.04,973,561.67,23.5,561.78,14.9,561.90,26.7,562.03,36.164,562.16,44.3,562.28,8.00,562.40,0.50,562.53,0.00,562.68,0,562.82,0.12955,
,564.45,0,564.56,975,563.16,23.1,563.27,14.9,563.41,26.7,563.55,36.184,563.69,44.3,563.82,8.00,563.94,0.50,564.07,0.00,564.20,0,564.34,0.13184,
,565.97,0,566.08,976,564.67,23.5,564.78,14.9,564.92,26.1,565.06,36.184,565.20,44.3,565.33,8.00,565.46,0.50,565.58,0.00,565.72,0,565.85,0.12955,
,567.45,0,567.55,978,566.18,23.5,566.29,14.5,566.42,26.3,566.56,36.184,566.69,44.3,566.83,8.00,566.95,0.50,567.08,-0.03,567.21,0,567.34,0.12729,
,568.91,0,569.02,979,567.65,23.5,567.74,14.5,567.86,26.3,567.99,36.184,568.12,44.3,568.25,8.00,568.37,0.50,568.51,0.00,568.67,0,568.80,0.13071,
,570.43,0,570.54,981,569.14,23.1,569.24,14.5,569.37,26.4,569.52,36.184,569.67,44.3,569.79,8.00,569.92,0.49,570.05,0.00,570.18,0,570.32,0.12228,
,571.92,0,572.02,982,570.65,23.5,570.76,14.9,570.91,27.4,571.03,36.124,571.18,44.3,571.30,8.00,571.42,0.49,571.54,0.00,571.68,0,571.81,0.11996,
,573.39,0,573.49,984,572.13,23.5,572.21,14.9,572.34,26.0,572.47,36.044,572.61,44.3,572.74,8.00,572.87,0.50,572.99,-0.03,573.13,0,573.27,0.13184,
,574.90,0,575.02,985,573.60,23.9,573.71,14.9,573.84,26.2,573.99,36.064,574.12,44.3,574.25,8.00,574.38,0.50,574.50,-0.03,574.63,0,574.78,0.13297,
,576.40,0,576.52,987,575.14,22.7,575.24,14.5,575.36,26.6,575.50,36.184,575.64,44.3,575.76,8.00,575.89,0.50,576.01,-0.03,576.16,0,576.29,0.13980,
,577.88,0,577.98,988,576.63,23.5,576.73,14.5,576.86,26.4,576.99,36.184,577.13,44.3,577.27,8.00,577.40,0.49,577.52,0.00,577.66,0,577.77,0.13266,
,579.39,0,579.49,990,578.09,23.1,578.20,14.5,578.32,26.0,578.46,36.244,578.58,44.8,578.71,8.00,578.85,0.50,578.99,0.00,579.13,0,579.27,0.13638,
,580.94,0,581.05,991,579.60,23.5,579.71,14.5,579.84,26.2,579.99,36.184,580.13,44.8,580.26,8.00,580.41,0.50,580.52,-0.03,580.69,0,580.83,0.13638,
,582.41,0,582.52,993,581.16,23.1,581.26,14.5,581.40,26.0,581.53,36.104,581.68,44.3,581.80,8.00,581.92,0.50,582.05,0.00,582.18,0,582.30,0.13409,
,583.91,0,584.02,994,582.64,23.1,582.74,14.9,582.87,26.3,583.00,36.184,583.14,44.8,583.26,8.00,583.40,0.50,583.51,-0.03,583.67,0,583.80,0.14548,
,585.46,0,585.56,996,584.14,23.1,584.24,14.9,584.37,26.0,584.52,36.184,584.67,44.8,584.79,8.00,584.93,0.49,585.06,0.00,585.21,0,585.35,0.13980,
,586.96,0,587.05,997,585.67,23.1,585.78,14.5,585.92,26.0,586.06,36.304,586.20,44.8,586.33,8.00,586.45,0.49,586.58,0.00,586.71,0,586.85,0.13638,
,588.49,0,588.60,999,587.16,23.5,587.27,14.5,587.41,26.4,587.55,36.364,587.69,44.8,587.82,8.00,587.96,0.49,588.09,-0.03,588.24,0,588.38,0.13611,
,589.96,0,590.07,1000,588.70,23.1,588.81,14.5,588.94,25.9,589.07,36.364,589.22,44.8,589.35,8.00,589.47,0.48,589.59,0.00,589.73,0,589.87,0.13864,
,591.51,0,591.63,1002,590.18,23.1,590.29,14.5,590.42,25.8,590.55,36.244,590.71,44.8,590.84,8.00,590.96,0.49,591.10,0.00,591.25,0,591.40,0.13638,
,593.06,0,593.17,1003,591.74,22.7,591.85,14.5,591.98,26.0,592.13,36.224,592.27,44.8,592.40,8.00,592.52,0.49,592.65,-0.03,592.80,0,592.95,0.13864,
,594.57,0,594.68,1005,593.28,22.7,593.40,14.5,593.52,25.7,593.65,36.104,593.79,44.8,593.94,8.00,594.06,0.50,594.19,-0.03,594.32,0,594.46,0.14093,
,596.08,0,596.19,1007,594.79,23.5,594.91,14.5,595.03,26.4,595.17,36.224,595.29,44.8,595.41,8.00,595.54,0.50,595.69,0.00,595.83,0,595.97,0.13864,
,597.61,0,597.72,1008,596.30,23.5,596.42,14.5,596.55,26.8,596.70,36.364,596.84,44.8,596.97,8.00,597.10,0.51,597.22,0.00,597.36,0,597.50,0.13998,
,599.09,0,599.20,1010,597.83,23.1,597.94,14.5,598.06,26.8,598.20,36.424,598.34,44.8,598.47,8.00,598.59,0.48,598.72,-0.03,598.85,0,598.98,0.13864,
,600.65,0,600.75,1011,599.31,23.1,599.42,14.9,599.54,24.8,599.69,36.404,599.83,44.8,599.96,8.00,600.10,0.46,600.24,-0.03,600.39,0,600.53,0.13959,
,602.15,0,602.25,1013,600.86,23.1,600.97,14.9,601.10,24.6,601.23,36.284,601.37,44.8,601.50,8.00,601.63,0.45,601.75,0.00,601.89,0,602.03,0.14188,
,603.62,0,603.73,1014,602.36,23.1,602.47,14.9,602.60,25.2,602.73,36.344,602.87,44.8,603.00,8.00,603.13,0.47,603.25,0.00,603.38,0,603.51,0.14304,
,605.12,0,605.23,1016,603.84,22.7,603.95,14.9,604.08,25.2,604.21,36.164,604.35,45.2,604.49,8.00,604.61,0.49,604.74,-0.03,604.87,0,605.01,0.14188,
,606.67,0,606.78,1017,605.34,22.4,605.45,14.5,605.58,25.2,605.71,36.284,605.85,45.2,605.99,8.00,606.12,0.48,606.25,0.00,606.40,0,606.55,0.14548,
,608.17,0,608.28,1019,606.90,23.1,607.00,14.5,607.13,25.6,607.26,36.224,607.40,45.2,607.53,8.00,607.67,0.48,607.78,0.00,607.93,0,608.06,0.14435,
,609.62,0,609.73,1020,608.40,23.1,608.50,14.9,608.63,25.7,608.76,36.224,608.88,44.8,609.00,8.00,609.12,0.49,609.25,0.00,609.38,0,609.51,0.14435,
,611.07,0,611.18,1021,609.84,23.1,609.94,14.9,610.06,25.6,610.19,36.284,610.32,45.2,610.45,8.00,610.57,0.48,610.70,-0.03,610.83,0,610.97,0.14560,
,612.63,0,612.74,1023,611.29,23.1,611.41,14.9,611.53,25.5,611.69,36.284,611.82,45.2,611.95,8.00,612.09,0.49,612.23,-0.03,612.38,0,612.52,0.13751,
,614.15,0,614.25,1025,612.85,23.1,612.95,14.9,613.08,25.5,613.22,36.284,613.35,45.2,613.49,8.00,613.62,0.48,613.74,-0.03,613.89,0,614.03,0.14206,
,615.65,0,615.74,1026,614.36,23.1,614.47,14.9,614.60,25.6,614.73,36.284,614.87,45.2,615.00,8.00,615.13,0.48,615.25,-0.03,615.39,0,615.53,0.15790,
,617.17,0,617.28,1028,615.85,22.7,615.96,14.9,616.09,25.8,616.23,36.304,616.37,45.2,616.50,8.00,616.63,0.49,616.77,0.00,616.91,0,617.05,0.14670,
,618.67,0,618.77,1029,617.40,23.1,617.50,14.9,617.63,25.5,617.76,36.284,617.90,45.2,618.03,8.00,618.17,0.48,618.28,-0.03,618.43,0,618.56,0.14560,
,620.20,0,620.31,1031,618.89,23.1,618.98,14.9,619.12,25.7,619.27,36.284,619.41,45.2,619.54,8.00,619.68,0.48,619.79,-0.03,619.95,0,620.09,0.14661,
,621.72,0,621.83,1032,620.42,22.7,620.53,14.9,620.67,25.3,620.79,36.224,620.95,45.2,621.08,8.00,621.21,0.48,621.33,-0.03,621.47,0,621.60,0.15118,
,623.26,0,623.37,1034,621.94,22.4,622.05,14.9,622.20,25.9,622.35,36.224,622.49,45.2,622.62,8.00,622.75,0.48,622.88,-0.03,623.01,0,623.15,0.14093,
,624.77,0,624.87,1035,623.48,23.1,623.59,14.9,623.72,25.5,623.86,36.124,624.00,45.2,624.13,8.00,624.25,0.48,624.37,-0.03,624.52,0,624.66,0.15454,
,626.27,0,626.37,1037,624.98,23.1,625.09,14.9,625.22,25.4,625.36,36.164,625.50,45.2,625.63,8.00,625.75,0.48,625.88,-0.03,626.01,0,626.16,0.15680,
,627.71,0,627.80,1038,626.48,23.1,626.58,14.9,626.69,25.5,626.85,36.224,626.97,45.2,627.09,8.00,627.22,0.48,627.34,-0.03,627.47,0,627.60,0.14774,
,629.18,0,629.29,1040,627.92,22.7,628.03,14.9,628.17,25.8,628.29,36.304,628.43,45.2,628.53,8.00,628.67,0.48,628.78,-0.03,628.92,0,629.05,0.15228,
,630.71,0,630.82,1041,629.42,23.5,629.53,14.9,629.68,25.9,629.81,36.244,629.95,45.7,630.08,8.00,630.20,0.47,630.33,0.00,630.46,0,630.60,0.15231,
,632.23,0,632.34,1043,630.93,22.7,631.05,14.9,631.19,25.5,631.31,36.364,631.46,45.2,631.60,8.00,631.72,0.48,631.84,0.00,631.98,0,632.12,0.15115,
,633.71,0,633.82,1044,632.46,22.7,632.57,14.9,632.71,25.7,632.84,36.484,632.98,45.7,633.11,8.00,633.23,0.48,633.36,-0.03,633.49,0,633.61,0.15228,
,635.19,0,635.30,1046,633.93,22.4,634.04,14.9,634.18,25.8,634.30,36.484,634.44,45.7,634.54,8.00,634.68,0.48,634.80,-0.03,634.95,0,635.08,0.15228,
,636.69,0,636.79,1047,635.41,23.1,635.51,14.9,635.64,25.6,635.77,36.424,635.92,45.7,636.05,8.00,636.19,0.48,636.32,-0.03,636.47,0,636.59,0.16351,
,638.12,0,638.21,1049,636.91,23.1,636.99,14.9,637.12,25.6,637.25,36.364,637.38,45.7,637.50,8.00,637.62,0.47,637.75,-0.03,637.88,0,638.01,0.15228,
,639.59,0,639.70,1050,638.32,22.7,638.43,14.5,638.54,25.7,638.69,36.224,638.82,45.7,638.95,8.00,639.08,0.48,639.21,-0.03,639.34,0,639.48,0.15457,
,641.10,0,641.21,1052,639.81,22.7,639.93,14.9,640.07,25.7,640.22,36.164,640.35,45.7,640.48,8.00,640.61,0.48,640.73,-0.03,640.86,0,640.99,0.15457,
,642.61,0,642.72,1053,641.32,22.4,641.43,14.9,641.56,25.6,641.71,36.164,641.84,45.7,641.97,8.00,642.10,0.48,642.22,0.00,642.36,0,642.50,0.15457,
,644.06,0,644.17,1054,642.83,22.7,642.93,14.9,643.04,25.4,643.19,36.164,643.31,45.7,643.44,8.00,643.56,0.47,643.69,0.00,643.82,0,643.96,0.15457,
,645.53,0,645.64,1056,644.28,23.1,644.38,14.9,644.50,25.3,644.63,36.104,644.76,45.7,644.89,8.00,645.02,0.48,645.14,0.00,645.28,0,645.42,0.14304,
,647.05,0,647.17,1057,645.75,22.7,645.86,14.9,645.99,25.3,646.14,36.104,646.29,45.7,646.40,8.00,646.53,0.48,646.65,-0.03,646.79,0,646.95,0.15570,
,648.51,0,648.62,1059,647.27,23.1,647.38,14.9,647.51,25.7,647.64,36.104,647.77,45.7,647.89,8.00,648.01,0.48,648.14,-0.03,648.27,0,648.41,0.15457,
,649.98,0,650.08,1060,648.73,23.1,648.83,14.9,648.97,25.5,649.10,36.164,649.24,46.1,649.36,8.00,649.48,0.47,649.61,-0.03,649.74,0,649.87,0.15683,
,651.44,0,651.55,1062,650.18,22.7,650.29,14.9,650.40,25.5,650.54,36.284,650.66,46.1,650.78,8.00,650.91,0.49,651.03,-0.03,651.17,0,651.31,0.16464,
,652.93,0,653.04,1063,651.67,23.1,651.76,14.9,651.90,26.1,652.03,36.284,652.17,46.1,652.29,8.00,652.44,0.49,652.56,-0.03,652.70,0,652.83,0.15567,
,654.44,0,654.55,1065,653.16,23.5,653.26,14.5,653.39,26.2,653.53,36.344,653.67,46.1,653.80,8.00,653.94,0.49,654.05,0.00,654.20,0,654.33,0.15680,
,655.94,0,656.04,1066,654.67,23.5,654.77,14.9,654.90,25.0,655.03,36.364,655.17,46.1,655.30,8.00,655.44,0.48,655.56,-0.03,655.70,0,655.85,0.15790,
,657.35,0,657.46,1068,656.13,22.4,656.23,14.9,656.34,24.6,656.49,36.364,656.63,46.1,656.76,8.00,656.89,0.46,657.01,0.00,657.13,0,657.26,0.15912,
,658.87,0,658.98,1069,657.57,22.4,657.69,14.9,657.81,24.8,657.95,36.424,658.09,46.1,658.23,8.00,658.36,0.46,658.49,0.00,658.62,0,658.76,0.15918,
,660.37,0,660.48,1071,659.09,22.4,659.21,14.9,659.33,24.9,659.48,36.364,659.61,46.1,659.74,8.00,659.86,0.45,659.98,-0.03,660.12,0,660.26,0.17273,
,661.88,0,661.99,1072,660.59,22.0,660.71,14.9,660.83,24.8,660.97,36.364,661.10,46.1,661.23,8.00,661.36,0.46,661.49,-0.03,661.62,0,661.76,0.16138,
,663.43,0,663.53,1074,662.10,22.7,662.22,14.9,662.35,25.2,662.50,36.364,662.63,46.1,662.76,8.00,662.90,0.49,663.02,0.00,663.17,0,663.31,0.15912,
,664.90,0,664.99,1075,663.64,22.4,663.75,14.9,663.88,25.3,664.02,36.244,664.15,46.6,664.26,8.00,664.39,0.47,664.51,-0.03,664.66,0,664.80,0.15796,
,666.33,0,666.45,1077,665.08,22.0,665.19,14.5,665.31,25.3,665.44,36.244,665.57,46.6,665.68,8.00,665.81,0.47,665.94,-0.03,666.07,0,666.23,0.16351,
,667.84,0,667.96,1078,666.55,22.4,666.66,14.5,666.79,25.3,666.92,36.244,667.07,46.6,667.20,8.00,667.34,0.47,667.47,-0.03,667.60,0,667.74,0.16464,
,669.28,0,669.37,1080,668.05,22.7,668.15,14.9,668.26,24.8,668.40,36.364,668.54,46.6,668.65,8.00,668.78,0.47,668.90,-0.03,669.04,0,669.18,0.16464,
,670.78,0,670.89,1081,669.48,22.7,669.59,14.9,669.73,24.5,669.87,36.364,670.01,46.6,670.14,8.00,670.27,0.47,670.39,-0.03,670.53,0,670.67,0.16238,
,672.26,0,672.37,1083,671.00,22.4,671.11,14.9,671.24,25.3,671.37,36.364,671.52,46.6,671.65,8.00,671.77,0.48,671.90,-0.03,672.03,0,672.16,0.16351,
,673.80,0,673.91,1084,672.48,22.0,672.58,14.9,672.71,25.5,672.86,36.244,673.02,46.6,673.15,8.00,673.29,0.47,673.41,-0.03,673.55,0,673.69,0.16687,
,675.30,0,675.41,1086,674.01,22.7,674.12,14.9,674.25,24.8,674.38,36.244,674.51,46.6,674.64,8.00,674.76,0.46,674.89,0.00,675.04,0,675.19,0.16574,
,676.81,0,676.92,1087,675.52,23.1,675.63,14.9,675.76,25.3,675.91,36.184,676.04,46.6,676.18,8.00,676.30,0.47,676.42,0.00,676.56,0,676.70,0.16574,
,678.29,0,678.40,1089,677.03,22.7,677.14,14.5,677.26,24.9,677.40,36.244,677.54,46.6,677.67,8.00,677.80,0.48,677.92,-0.03,678.05,0,678.18,0.16687,
,679.76,0,679.88,1090,678.51,22.7,678.62,14.5,678.75,24.8,678.88,36.224,679.00,46.6,679.12,8.00,679.25,0.47,679.37,0.00,679.51,0,679.65,0.16238,
,681.31,0,681.42,1092,679.99,22.4,680.10,14.9,680.24,25.1,680.38,36.244,680.52,46.6,680.65,8.00,680.79,0.47,680.93,-0.03,681.06,0,681.20,0.17358,
,682.77,0,682.89,1093,681.53,22.7,681.64,14.5,681.77,24.7,681.90,36.304,682.04,47.0,682.17,8.00,682.30,0.47,682.42,0.00,682.55,0,682.68,0.16687,
,684.29,0,684.40,1095,683.00,23.1,683.11,14.5,683.25,25.0,683.39,36.364,683.53,47.0,683.66,8.00,683.79,0.48,683.91,-0.03,684.04,0,684.19,0.16800,
,685.76,0,685.88,1096,684.51,22.4,684.62,14.5,684.75,25.1,684.89,36.424,685.03,47.0,685.16,8.00,685.28,0.47,685.41,0.00,685.54,0,685.66,0.16910,
,687.31,0,687.42,1098,685.99,22.7,686.10,14.5,686.24,25.1,686.38,36.424,686.52,47.0,686.65,8.00,686.79,0.47,686.91,0.00,687.06,0,687.20,0.16687,
,688.81,0,688.92,1099,687.53,22.7,687.64,14.9,687.77,25.3,687.90,36.424,688.04,47.0,688.17,8.00,688.30,0.47,688.42,-0.03,688.56,0,688.70,0.16910,
,690.22,0,690.33,1101,689.03,22.4,689.12,14.9,689.25,25.0,689.38,36.284,689.51,47.0,689.62,8.00,689.75,0.47,689.87,0.00,690.00,0,690.13,0.17023,
,691.74,0,691.84,1102,690.44,22.0,690.55,14.9,690.68,25.2,690.81,36.284,690.96,47.0,691.09,8.00,691.24,0.47,691.35,0.00,691.49,0,691.62,0.15912,
,693.23,0,693.34,1104,691.96,22.7,692.06,14.5,692.19,25.2,692.33,36.304,692.47,47.0,692.60,8.00,692.73,0.46,692.85,-0.03,692.99,0,693.12,0.17136,
,694.73,0,694.84,1105,693.46,22.4,693.56,14.9,693.69,25.1,693.82,36.284,693.96,47.0,694.09,8.00,694.23,0.47,694.34,0.00,694.50,0,694.62,0.16910,
,696.30,0,696.40,1107,694.96,22.0,695.04,14.9,695.17,25.3,695.32,36.364,695.47,47.0,695.60,8.00,695.76,0.48,695.90,-0.03,696.05,0,696.19,0.17047,
,697.79,0,697.90,1108,696.51,22.7,696.62,14.5,696.75,25.2,696.89,36.364,697.02,47.0,697.15,8.00,697.28,0.47,697.40,-0.03,697.54,0,697.68,0.17023,
,699.30,0,699.40,1110,697.99,22.4,698.10,14.5,698.21,25.1,698.36,36.424,698.51,47.0,698.65,8.00,698.77,0.46,698.91,-0.03,699.07,0,699.20,0.18256,
,700.80,0,700.91,1111,699.50,22.4,699.60,14.5,699.73,25.0,699.87,36.424,700.02,47.0,700.14,8.00,700.28,0.47,700.41,-0.03,700.55,0,700.69,0.17471,
,702.33,0,702.44,1113,701.02,22.0,701.13,14.5,701.27,25.1,701.41,36.304,701.55,47.0,701.68,8.00,701.80,0.47,701.94,-0.03,702.08,0,702.22,0.18854,
,703.84,0,703.95,1114,702.55,22.4,702.66,14.5,702.79,25.3,702.92,36.304,703.07,47.5,703.18,8.00,703.32,0.46,703.46,-0.03,703.60,0,703.73,0.17694,
,705.34,0,705.45,1116,704.06,22.0,704.17,14.5,704.30,25.0,704.43,36.364,704.57,47.5,704.70,8.00,704.83,0.46,704.95,-0.03,705.09,0,705.23,0.17920,
,706.77,0,706.88,1117,705.56,22.4,705.67,14.5,705.78,25.2,705.91,36.364,706.04,47.5,706.17,8.00,706.29,0.47,706.42,-0.03,706.55,0,706.68,0.17694,
,708.31,0,708.42,1119,707.00,22.7,707.12,14.5,707.27,25.6,707.41,36.384,707.55,47.5,707.68,8.00,707.80,0.48,707.93,-0.03,708.06,0,708.20,0.16687,
,709.80,0,709.91,1120,708.53,23.1,708.63,14.5,708.78,25.7,708.91,36.304,709.04,47.5,709.17,8.00,709.29,0.48,709.42,0.00,709.55,0,709.68,0.17200,
,711.38,0,711.50,1122,710.02,22.4,710.13,14.5,710.27,25.7,710.41,36.304,710.55,47.5,710.70,8.00,710.84,0.46,710.98,0.00,711.13,0,711.28,0.17828,
,712.88,0,712.99,1123,711.59,21.6,711.70,14.5,711.83,24.8,711.97,36.364,712.11,47.5,712.24,8.00,712.36,0.45,712.49,-0.03,712.62,0,712.78,0.17023,
,714.37,0,714.49,1125,713.09,21.6,713.20,14.5,713.33,24.1,713.47,36.364,713.61,47.5,713.74,8.00,713.86,0.45,713.99,-0.03,714.12,0,714.27,0.18030,
,715.85,0,715.96,1126,714.59,21.6,714.70,14.9,714.82,23.9,714.96,36.304,715.09,47.5,715.22,8.00,715.34,0.45,715.46,-0.03,715.60,0,715.74,0.19150,
,717.32,0,717.44,1128,716.05,22.0,716.15,14.9,716.27,24.0,716.42,36.304,716.56,47.5,716.70,8.00,716.82,0.46,716.95,0.00,717.10,0,717.22,0.18030,
,718.84,0,718.95,1129,717.54,21.6,717.66,14.9,717.79,24.4,717.94,36.304,718.08,47.5,718.21,8.00,718.33,0.46,718.46,0.00,718.59,0,718.73,0.18143,
,720.34,0,720.45,1131,719.06,22.0,719.17,14.9,719.30,24.4,719.43,36.364,719.57,47.5,719.70,8.00,719.83,0.45,719.95,0.00,720.09,0,720.23,0.18030,
,721.82,0,721.93,1132,720.56,22.0,720.67,14.5,720.79,24.6,720.93,36.244,721.05,47.5,721.18,8.00,721.31,0.46,721.44,0.00,721.57,0,721.71,0.18414,
,723.32,0,723.43,1134,722.05,22.4,722.16,14.9,722.29,24.5,722.42,36.304,722.56,47.5,722.69,8.00,722.82,0.46,722.94,-0.03,723.07,0,723.21,0.18304,
,724.79,0,724.90,1135,723.54,22.0,723.65,14.9,723.78,24.7,723.92,36.304,724.06,47.5,724.18,8.00,724.31,0.46,724.43,0.00,724.57,0,724.69,0.18524,
,726.31,0,726.42,1137,725.01,22.0,725.12,14.5,725.24,24.8,725.39,36.304,725.54,47.9,725.68,8.00,725.80,0.47,725.92,-0.03,726.06,0,726.20,0.19458,
,727.79,0,727.90,1138,726.53,22.4,726.64,14.9,726.78,25.1,726.92,36.244,727.06,47.5,727.19,8.00,727.31,0.46,727.43,-0.03,727.57,0,727.69,0.18082,
,729.33,0,729.44,1140,728.02,22.4,728.13,14.5,728.25,24.9,728.39,36.164,728.55,47.9,728.68,8.00,728.80,0.46,728.93,-0.03,729.08,0,729.22,0.18195,
,730.82,0,730.93,1141,729.54,22.4,729.65,14.9,729.78,24.9,729.92,36.184,730.05,47.9,730.19,8.00,730.31,0.47,730.44,-0.03,730.57,0,730.71,0.18414,
,732.29,0,732.40,1143,731.04,22.4,731.15,14.9,731.28,24.7,731.41,36.244,731.55,47.9,731.68,8.00,731.81,0.47,731.93,0.00,732.07,0,732.19,0.18524,
,733.81,0,733.92,1144,732.50,22.4,732.61,14.5,732.74,24.6,732.89,36.244,733.05,47.9,733.18,8.00,733.30,0.47,733.43,0.00,733.56,0,733.70,0.18744,
,735.33,0,735.44,1146,734.03,22.4,734.14,14.5,734.28,25.0,734.42,36.304,734.56,47.9,734.69,8.00,734.81,0.46,734.94,-0.03,735.07,0,735.21,0.18634,
,736.82,0,736.93,1147,735.55,22.4,735.66,14.9,735.78,24.8,735.92,36.244,736.06,47.9,736.19,8.00,736.32,0.46,736.44,0.00,736.58,0,736.71,0.18744,
,738.26,0,738.37,1149,737.04,22.4,737.15,14.5,737.28,25.0,737.41,36.304,737.54,47.9,737.65,8.00,737.78,0.47,737.90,-0.03,738.04,0,738.16,0.18304,
,739.80,0,739.90,1150,738.47,22.0,738.58,14.5,738.71,24.5,738.86,36.304,739.00,47.9,739.13,8.00,739.29,0.46,739.43,-0.03,739.58,0,739.71,0.18854,
,741.30,0,741.41,1152,740.01,22.0,740.12,14.5,740.26,24.9,740.38,36.364,740.52,48.4,740.63,8.00,740.77,0.45,740.90,-0.03,741.05,0,741.19,0.18915,
,742.81,0,742.92,1153,741.52,21.6,741.63,14.5,741.77,24.7,741.89,36.364,742.04,48.4,742.17,8.00,742.30,0.46,742.42,-0.03,742.56,0,742.70,0.18634,
,744.26,0,744.37,1155,743.01,21.6,743.12,14.5,743.26,24.8,743.38,36.364,743.51,48.4,743.62,8.00,743.76,0.47,743.87,0.00,744.02,0,744.15,0.19296,
,745.77,0,745.88,1156,744.49,22.4,744.59,14.5,744.70,25.0,744.83,36.364,744.96,48.4,745.07,8.00,745.21,0.46,745.35,0.00,745.50,0,745.64,0.19348,
,747.26,0,747.37,1158,746.00,22.4,746.09,14.5,746.22,24.5,746.35,36.364,746.49,48.4,746.62,8.00,746.76,0.45,746.87,-0.03,747.02,0,747.15,0.18964,
,748.76,0,748.85,1159,747.49,21.6,747.59,14.5,747.72,24.3,747.85,36.284,747.99,48.4,748.12,8.00,748.26,0.46,748.37,-0.03,748.52,0,748.65,0.18744,
,750.31,0,750.42,1161,748.96,22.0,749.08,14.5,749.21,24.1,749.36,36.304,749.50,48.4,749.63,8.00,749.79,0.46,749.92,-0.03,750.07,0,750.20,0.20328,
,751.82,0,751.93,1162,750.53,22.0,750.64,14.5,750.78,24.7,750.92,36.304,751.06,48.4,751.19,8.00,751.31,0.47,751.44,0.00,751.57,0,751.71,0.19568,
,753.36,0,753.47,1164,752.04,22.0,752.15,14.5,752.29,24.2,752.44,36.304,752.58,48.4,752.71,8.00,752.85,0.46,752.97,0.00,753.11,0,753.25,0.20654,
,754.90,0,755.01,1165,753.58,22.4,753.69,14.5,753.82,24.4,753.97,36.304,754.11,48.4,754.24,8.00,754.36,0.46,754.49,-0.03,754.64,0,754.79,0.19458,
,756.40,0,756.51,1167,755.12,22.4,755.24,14.5,755.36,24.8,755.49,36.304,755.63,48.4,755.78,8.00,755.91,0.46,756.03,0.00,756.16,0,756.29,0.19785,
,757.88,0,758.00,1168,756.62,21.6,756.74,14.9,756.84,24.7,756.97,36.304,757.10,48.4,757.21,8.00,757.35,0.46,757.48,0.00,757.63,0,757.78,0.18854,
