,STAMP,Vehicle speed,STAMP,Time since engine start,STAMP,Normed load value,STAMP,Accelerator pedal position,STAMP,Engine torque,STAMP,Oil fill level,STAMP,Engine oil temperature,STAMP,Fuel level,STAMP,Fuel consumption,STAMP,Brake pressure,STAMP,Engaged gear: raw signal-Bits 0-7,STAMP,Efficiency of the SCR catalytic converter,
,, km/h,, s,, %,, %,, Nm,, mm,, C,, l,, l/h,, MPa,, ,, ,
,0.04,0,0.14,241,0.26,24.7,0.35,14.9,0.48,26.1,0.61,58.424,0.74,60.6,0.87,24.00,1.00,0.49,1.12,0.00,1.25,0,1.38,0.24655,
,1.50,0,1.60,242,1.72,24.3,1.82,14.9,1.96,26.2,2.09,58.364,2.22,60.6,2.34,24.00,2.47,0.48,2.61,0.00,2.76,0,2.91,0.23889,
,3.02,0,3.14,244,3.23,24.7,3.36,14.9,3.47,26.8,3.62,58.364,3.76,60.6,3.90,24.00,4.03,0.48,4.16,0.00,4.31,0,4.46,0.24051,
,4.58,0,4.68,245,4.79,25.1,4.88,14.9,5.03,25.6,5.15,58.424,5.29,60.6,5.43,24.00,5.54,0.48,5.68,0.00,5.81,0,5.95,0.26999,
,6.07,0,6.18,247,6.29,24.3,6.38,14.9,6.51,26.2,6.65,58.484,6.79,60.6,6.94,24.00,7.06,0.50,7.20,0.00,7.32,0,7.47,0.23419,
,7.57,0,7.69,248,7.79,24.3,7.92,14.9,8.01,26.1,8.14,58.484,8.27,60.6,8.40,24.00,8.52,0.50,8.65,0.00,8.79,0,8.94,0.26773,
,9.04,0,9.17,250,9.25,23.5,9.35,14.9,9.47,26.2,9.62,58.424,9.76,60.6,9.89,24.00,10.02,0.50,10.18,0.00,10.33,0,10.49,0.26529,
,10.61,0,10.73,251,10.86,24.3,10.97,14.5,11.11,25.8,11.25,58.364,11.39,60.6,11.53,24.00,11.68,0.51,11.81,0.00,11.96,0,12.10,0.23312,
,12.20,0,12.33,253,12.48,24.3,12.59,14.9,12.73,26.3,12.87,58.304,13.01,60.6,13.15,24.00,13.30,0.48,13.47,0.00,13.62,0,13.77,0.29153,
,13.89,0,14.02,254,14.13,24.7,14.26,14.9,14.40,26.0,14.55,58.364,14.70,60.6,14.82,24.00,14.98,0.49,15.12,0.00,15.25,0,15.39,0.25409,
,15.50,0,15.60,256,15.73,23.9,15.85,14.9,15.99,25.9,16.14,58.424,16.28,60.6,16.43,24.00,16.56,0.48,16.72,0.00,16.84,0,16.98,0.25537,
,17.11,0,17.23,258,17.36,24.7,17.49,14.9,17.64,25.3,17.78,58.564,17.93,60.6,18.07,24.00,18.22,0.48,18.34,-0.03,18.49,0,18.62,0.25409,
,18.75,0,18.87,259,19.00,24.7,19.12,14.9,19.26,25.7,19.41,58.504,19.55,60.6,19.70,24.00,19.84,0.48,19.98,0.00,20.13,0,20.28,0.24811,
,20.38,0,20.50,261,20.61,23.9,20.74,14.9,20.88,26.2,21.03,58.544,21.15,60.6,21.30,24.00,21.43,0.48,21.58,-0.03,21.72,0,21.86,0.24908,
,22.00,0,22.10,263,22.24,24.3,22.35,14.9,22.51,25.7,22.64,58.564,22.80,60.6,22.93,24.00,23.09,0.49,23.23,0.00,23.38,0,23.57,0.25284,
,23.70,0,23.82,264,23.95,24.7,24.08,14.9,24.21,26.3,24.36,58.564,24.52,60.6,24.65,24.00,24.80,0.49,24.94,0.00,25.07,0,25.21,0.27017,
,25.35,0,25.46,266,25.58,23.9,25.70,14.9,25.85,26.3,25.99,58.364,26.12,60.6,26.26,24.00,26.40,0.48,26.56,0.00,26.70,0,26.84,0.27509,
,26.97,0,27.09,268,27.22,24.7,27.34,14.9,27.49,25.6,27.63,58.364,27.80,60.6,27.95,24.00,28.09,0.50,28.23,0.00,28.37,0,28.52,0.25787,
,28.64,0,28.77,269,28.88,23.9,29.03,14.9,29.15,26.2,29.31,58.424,29.45,60.6,29.58,24.00,29.70,0.51,29.82,0.00,29.96,0,30.10,0.24939,
,30.23,0,30.32,271,30.45,23.5,30.54,14.9,30.67,25.9,30.80,58.564,30.94,60.6,31.07,24.00,31.20,0.48,31.32,0.00,31.46,0,31.60,0.24686,
,31.73,0,31.82,272,31.95,24.7,32.04,14.9,32.17,25.6,32.30,58.564,32.42,60.6,32.54,24.00,32.66,0.48,32.79,-0.03,32.92,0,33.05,0.16052,
,33.16,0,33.26,274,33.35,23.9,33.47,14.9,33.59,26.5,33.72,58.564,33.85,60.6,33.96,24.00,34.10,0.49,34.22,0.00,34.36,0,34.50,0.28937,
,34.61,0,34.73,275,34.83,24.3,34.95,14.9,35.06,25.8,35.20,58.504,35.34,60.6,35.47,24.00,35.59,0.48,35.72,0.00,35.86,0,36.00,0.28860,
,36.10,0,36.23,277,36.32,23.9,36.45,14.9,36.56,25.6,36.69,58.564,36.84,60.6,36.96,24.00,37.09,0.48,37.21,0.00,37.35,0,37.49,0.23294,
,37.60,0,37.73,278,37.82,23.9,37.94,14.9,38.06,26.0,38.20,58.504,38.34,61.1,38.47,24.00,38.59,0.48,38.71,0.00,38.85,0,38.99,0.27454,
,39.10,0,39.22,280,39.32,23.9,39.44,14.9,39.54,26.6,39.67,58.424,39.81,61.1,39.93,24.00,40.07,0.49,40.20,0.00,40.34,0,40.48,0.27875,
,40.59,0,40.72,281,40.81,23.9,40.93,14.9,41.04,26.2,41.18,58.484,41.32,60.6,41.45,24.00,41.57,0.47,41.70,0.00,41.83,0,41.95,0.29782,
,42.05,0,42.19,283,42.28,23.9,42.41,14.9,42.53,25.8,42.67,58.484,42.81,61.1,42.94,24.00,43.08,0.48,43.20,0.00,43.34,0,43.48,0.18478,
,43.60,0,43.69,284,43.82,23.9,43.91,14.9,44.04,25.9,44.18,58.424,44.33,61.1,44.46,24.00,44.60,0.48,44.73,-0.03,44.86,0,44.98,0.32809,
,45.08,0,45.21,286,45.30,23.9,45.40,14.5,45.54,25.7,45.67,58.364,45.80,60.6,45.92,24.00,46.04,0.47,46.16,0.00,46.30,0,46.42,0.09079,
,46.52,0,46.64,287,46.74,23.9,46.86,14.9,46.97,25.0,47.11,58.364,47.25,61.1,47.38,24.00,47.50,0.47,47.63,0.00,47.77,0,47.91,0.10800,
,48.03,0,48.14,289,48.27,24.3,48.36,14.9,48.49,25.9,48.61,58.364,48.75,61.1,48.87,24.00,49.00,0.49,49.13,0.00,49.26,0,49.40,0.30563,
,49.53,0,49.64,290,49.77,23.9,49.86,14.9,49.99,26.2,50.14,58.484,50.29,61.1,50.41,24.00,50.55,0.47,50.67,0.00,50.81,0,50.95,0.27731,
,51.07,0,51.17,292,51.29,24.3,51.39,14.9,51.53,25.0,51.65,58.484,51.80,61.1,51.94,24.00,52.06,0.48,52.19,0.00,52.32,0,52.46,0.20032,
,52.57,0,52.70,293,52.79,24.3,52.91,14.9,53.04,25.5,53.18,58.424,53.32,61.1,53.45,24.00,53.57,0.48,53.70,0.00,53.83,0,53.97,0.21518,
,54.10,0,54.20,295,54.32,23.5,54.42,14.9,54.55,26.5,54.68,58.424,54.82,61.1,54.95,24.00,55.08,0.48,55.20,0.00,55.34,0,55.47,0.36584,
,55.60,0,55.69,296,55.82,23.9,55.91,14.9,56.04,26.1,56.18,58.424,56.31,61.1,56.43,24.00,56.56,0.48,56.68,0.00,56.82,0,56.94,0.33459,
,57.04,0,57.17,298,57.28,23.5,57.39,14.9,57.53,26.5,57.67,58.424,57.81,61.1,57.94,24.00,58.08,0.48,58.23,0.00,58.37,0,58.52,0.29562,
,58.64,0,58.77,299,58.86,24.3,58.95,14.9,59.08,25.7,59.21,58.424,59.36,61.1,59.49,24.00,59.61,0.48,59.74,0.00,59.87,0,60.01,0.23914,
,60.14,0,60.23,301,60.36,23.9,60.45,14.9,60.58,26.5,60.73,58.304,60.87,61.1,61.00,24.00,61.12,0.48,61.25,0.00,61.39,0,61.54,0.18268,
,61.64,0,61.76,302,61.86,24.7,61.98,14.9,62.09,26.1,62.23,58.304,62.37,61.1,62.50,24.00,62.62,0.47,62.75,0.00,62.88,0,63.03,0.11685,
,63.13,0,63.25,304,63.35,23.9,63.46,14.9,63.60,25.3,63.75,58.364,63.89,61.5,64.03,24.00,64.16,0.47,64.29,0.00,64.42,0,64.56,0.18478,
,64.69,0,64.78,305,64.91,24.3,65.01,14.9,65.13,25.5,65.27,58.424,65.40,61.5,65.55,24.00,65.68,0.50,65.82,-0.03,65.95,0,66.10,0.24844,
,66.22,0,66.31,307,66.44,23.9,66.53,14.9,66.66,25.7,66.81,58.424,66.95,61.5,67.08,24.00,67.22,0.48,67.35,0.00,67.48,0,67.62,0.24414,
,67.76,0,67.84,308,67.97,23.9,68.06,14.9,68.19,26.4,68.32,58.424,68.46,61.5,68.59,24.00,68.72,0.47,68.84,0.00,68.98,0,69.12,0.25198,
,69.25,0,69.34,310,69.46,24.7,69.55,14.9,69.68,25.7,69.82,58.544,69.96,61.5,70.07,24.00,70.21,0.47,70.34,0.00,70.49,0,70.63,0.19095,
,70.74,0,70.83,311,70.93,24.3,71.03,14.9,71.15,26.2,71.30,58.444,71.42,61.1,71.56,24.00,71.69,0.49,71.83,0.00,71.98,0,72.12,0.26318,
,72.25,0,72.34,313,72.47,23.5,72.56,14.9,72.69,26.7,72.82,58.424,72.96,61.5,73.10,24.00,73.22,0.48,73.34,0.00,73.48,0,73.62,0.37894,
,73.74,0,73.84,314,73.96,24.3,74.06,14.9,74.18,26.1,74.31,58.364,74.44,61.5,74.56,24.00,74.69,0.47,74.81,0.00,74.94,0,75.08,0.40100,
,75.21,0,75.30,316,75.43,24.7,75.53,14.9,75.65,25.9,75.80,58.364,75.93,61.5,76.06,24.00,76.18,0.49,76.31,0.00,76.44,0,76.58,0.22586,
,76.71,0,76.80,317,76.93,23.9,77.03,14.9,77.15,26.4,77.29,58.364,77.41,61.5,77.55,24.00,77.69,0.48,77.83,0.00,77.97,0,78.11,0.10837,
,78.24,0,78.33,319,78.45,24.3,78.55,14.5,78.68,26.1,78.83,58.364,78.97,61.5,79.10,24.00,79.24,0.48,79.38,0.00,79.54,0,79.67,0.22995,
,79.79,0,79.92,320,80.03,24.3,80.14,14.9,80.25,26.3,80.38,58.364,80.51,61.5,80.65,24.00,80.79,0.49,80.91,0.00,81.05,0,81.18,0.11456,
,81.29,0,81.42,322,81.52,24.7,81.63,14.9,81.75,25.6,81.88,58.364,82.03,61.5,82.15,24.00,82.29,0.47,82.40,-0.03,82.55,0,82.67,0.18253,
,82.79,0,82.88,323,83.02,24.3,83.11,14.9,83.21,25.8,83.35,58.384,83.47,61.5,83.59,24.00,83.71,0.47,83.84,0.00,83.97,0,84.11,0.20898,
,84.25,0,84.35,325,84.47,24.3,84.56,14.9,84.69,25.7,84.84,58.364,84.98,61.5,85.11,24.00,85.24,0.48,85.36,0.00,85.50,0,85.64,0.12231,
,85.74,0,85.87,326,85.96,24.3,86.09,14.9,86.20,25.9,86.33,58.424,86.46,61.5,86.57,24.00,86.70,0.49,86.82,0.00,86.96,0,87.08,0.19724,
,87.18,0,87.29,328,87.41,24.3,87.53,14.9,87.65,25.0,87.81,58.424,87.94,62.0,88.07,24.00,88.21,0.46,88.33,-0.03,88.47,0,88.60,0.18478,
,88.70,0,88.83,329,88.92,24.3,89.04,14.9,89.18,25.9,89.33,58.484,89.46,61.5,89.60,24.00,89.74,0.49,89.86,0.00,89.99,0,90.14,0.40649,
,90.27,0,90.36,331,90.48,23.5,90.57,14.9,90.70,25.6,90.84,58.484,90.98,61.5,91.11,24.00,91.24,0.48,91.36,0.00,91.49,0,91.63,0.23532,
,91.77,0,91.86,332,91.98,24.3,92.08,14.9,92.21,25.9,92.35,58.544,92.50,62.0,92.62,24.00,92.75,0.47,92.88,0.00,93.01,0,93.15,0.26074,
,93.28,0,93.39,334,93.48,24.7,93.61,14.9,93.72,25.9,93.85,58.544,93.99,62.0,94.13,24.00,94.25,0.48,94.38,0.00,94.51,0,94.65,0.35135,
,94.77,0,94.89,335,94.98,23.5,95.11,14.9,95.22,26.0,95.35,58.544,95.49,62.0,95.62,24.00,95.75,0.48,95.87,0.00,96.01,0,96.15,0.31479,
,96.27,0,96.39,337,96.48,24.7,96.61,14.9,96.72,26.1,96.85,58.604,96.97,62.0,97.09,24.00,97.22,0.48,97.34,0.00,97.47,0,97.62,0.28232,
,97.72,0,97.85,338,97.95,23.5,98.08,14.9,98.19,25.1,98.34,58.544,98.49,62.0,98.60,24.00,98.73,0.47,98.85,0.00,98.99,0,99.13,0.34537,
,99.27,0,99.35,340,99.47,23.9,99.57,14.9,99.68,25.5,99.83,58.544,99.97,62.0,100.08,24.00,100.21,0.47,100.35,0.00,100.48,0,100.62,0.39505,
,100.73,0,100.86,341,100.95,23.5,101.08,14.5,101.19,25.6,101.34,58.484,101.48,62.0,101.61,24.00,101.74,0.48,101.87,0.00,102.01,0,102.15,0.36453,
,102.26,0,102.39,343,102.49,24.3,102.61,14.5,102.72,25.4,102.86,58.484,102.99,62.0,103.12,24.00,103.25,0.47,103.38,0.00,103.51,0,103.65,0.35614,
,103.76,0,103.89,344,103.98,23.9,104.10,14.9,104.22,25.6,104.35,58.484,104.49,62.0,104.62,24.00,104.75,0.48,104.87,0.00,105.01,0,105.15,0.32172,
,105.26,0,105.39,346,105.49,24.3,105.61,14.9,105.72,25.1,105.86,58.544,106.00,62.0,106.13,24.00,106.25,0.48,106.38,0.00,106.51,0,106.65,0.18213,
,106.77,0,106.89,347,106.99,24.3,107.11,14.9,107.22,26.1,107.37,58.564,107.51,62.0,107.64,24.00,107.77,0.48,107.89,0.00,108.03,0,108.17,0.32047,
,108.29,0,108.39,349,108.51,23.5,108.60,14.9,108.73,26.0,108.87,58.424,109.01,62.0,109.14,24.00,109.26,0.48,109.39,0.00,109.52,0,109.66,0.36563,
,109.79,0,109.88,350,109.97,24.3,110.10,14.9,110.21,25.7,110.36,58.364,110.50,62.0,110.63,24.00,110.77,0.47,110.91,0.00,111.08,0,111.22,0.27710,
,111.34,0,111.47,352,111.56,24.3,111.69,14.9,111.81,26.0,111.95,58.304,112.09,62.0,112.22,24.00,112.36,0.48,112.48,-0.03,112.62,0,112.76,0.23065,
,112.87,0,112.99,353,113.08,23.9,113.18,14.9,113.33,26.2,113.48,58.304,113.63,62.0,113.76,24.00,113.88,0.48,114.01,0.00,114.16,0,114.30,0.22394,
,114.41,0,114.50,355,114.60,23.9,114.69,14.9,114.82,24.8,114.95,58.484,115.08,62.0,115.20,24.00,115.32,0.47,115.45,0.00,115.59,0,115.73,0.28156,
,115.86,0,115.95,356,116.08,24.7,116.17,14.9,116.30,26.1,116.43,58.564,116.58,62.4,116.72,24.00,116.84,0.47,116.96,0.00,117.10,0,117.25,0.30798,
,117.35,0,117.48,358,117.58,24.3,117.70,14.5,117.82,25.6,117.97,58.544,118.11,62.0,118.24,24.00,118.38,0.48,118.52,0.00,118.67,0,118.82,0.32175,
,118.92,0,119.05,359,119.16,23.1,119.25,14.9,119.38,26.0,119.52,58.564,119.64,62.4,119.77,24.00,119.91,0.47,120.06,0.00,120.19,0,120.32,0.14706,
,120.44,0,120.55,361,120.66,24.3,120.76,14.9,120.89,25.8,121.02,58.544,121.17,62.4,121.31,24.00,121.44,0.48,121.58,0.00,121.73,0,121.86,0.40680,
,121.96,0,122.05,362,122.18,23.9,122.29,14.9,122.40,25.4,122.54,58.544,122.68,62.4,122.82,24.00,122.95,0.47,123.07,0.00,123.21,0,123.33,0.22925,
,123.46,0,123.55,364,123.68,23.9,123.78,14.9,123.90,25.5,124.05,58.544,124.18,62.4,124.32,24.00,124.45,0.48,124.58,0.00,124.72,0,124.86,0.34869,
,124.97,0,125.10,366,125.19,24.3,125.31,14.9,125.44,25.6,125.59,58.564,125.73,62.4,125.85,24.00,125.98,0.48,126.10,0.00,126.24,0,126.36,0.40277,
,126.48,0,126.57,367,126.70,22.7,126.80,14.9,126.94,26.6,127.08,58.424,127.21,62.4,127.34,24.00,127.47,0.48,127.59,0.00,127.73,0,127.87,0.32123,
,127.99,0,128.10,369,128.19,24.3,128.29,14.9,128.40,26.0,128.54,58.364,128.68,62.4,128.82,24.00,128.95,0.47,129.08,0.00,129.21,0,129.35,0.14752,
,129.48,0,129.57,370,129.70,23.9,129.80,14.9,129.94,25.9,130.09,58.364,130.23,62.4,130.36,24.00,130.49,0.52,130.61,0.00,130.76,0,130.90,0.30994,
,131.01,0,131.14,372,131.23,23.9,131.36,14.9,131.47,25.6,131.62,58.424,131.76,62.9,131.90,24.00,132.04,0.49,132.16,0.00,132.30,0,132.42,0.28772,
,132.52,0,132.62,373,132.75,23.9,132.86,14.9,132.96,26.0,133.10,58.424,133.25,62.9,133.38,24.00,133.52,0.48,133.64,0.00,133.78,0,133.92,0.28552,
,134.06,0,134.14,375,134.27,24.7,134.36,14.9,134.49,25.8,134.63,58.544,134.75,62.4,134.87,24.00,135.00,0.48,135.12,0.00,135.26,0,135.40,0.19910,
,135.53,0,135.62,376,135.75,24.3,135.84,14.9,135.97,25.7,136.12,58.484,136.26,62.9,136.40,24.00,136.52,0.48,136.65,0.00,136.79,0,136.93,0.21695,
,137.06,0,137.15,378,137.28,24.3,137.37,14.9,137.50,25.7,137.64,58.484,137.78,62.4,137.91,24.00,138.05,0.47,138.16,0.00,138.31,0,138.42,0.41370,
,138.55,0,138.63,379,138.76,24.3,138.85,14.9,138.98,25.6,139.12,58.424,139.26,62.9,139.39,24.00,139.52,0.48,139.66,0.00,139.81,0,139.95,0.25308,
,140.08,0,140.16,381,140.25,23.9,140.35,14.9,140.48,25.6,140.61,58.484,140.74,62.9,140.87,24.00,140.99,0.47,141.12,0.00,141.26,0,141.40,0.36691,
,141.51,0,141.64,382,141.73,24.3,141.86,14.9,141.97,25.2,142.11,58.484,142.23,62.9,142.35,24.00,142.48,0.48,142.60,0.00,142.74,0,142.86,0.19080,
,142.97,0,143.10,384,143.19,24.3,143.32,14.9,143.43,25.3,143.58,58.484,143.71,62.9,143.83,24.00,143.97,0.48,144.09,0.00,144.23,0,144.37,0.26996,
,144.48,0,144.61,385,144.70,24.3,144.82,14.9,144.96,26.1,145.11,58.424,145.23,62.9,145.35,24.00,145.47,0.47,145.58,0.00,145.72,0,145.86,0.38852,
,145.98,0,146.10,387,146.19,24.3,146.32,14.9,146.43,25.7,146.58,58.424,146.71,62.9,146.84,24.00,146.97,0.47,147.09,0.00,147.23,0,147.37,0.36920,
,147.48,0,147.61,388,147.69,24.3,147.80,14.9,147.90,24.9,148.03,58.424,148.16,62.9,148.27,24.00,148.40,0.46,148.52,0.00,148.66,0,148.81,0.33575,
,148.91,0,149.05,389,149.13,23.5,149.26,14.9,149.37,26.0,149.51,58.424,149.65,62.9,149.78,24.00,149.91,0.47,150.03,0.00,150.17,0,150.32,0.31802,
,150.42,0,150.56,391,150.64,24.3,150.77,14.9,150.88,26.1,151.02,58.364,151.14,62.9,151.26,24.00,151.38,0.48,151.52,0.00,151.65,0,151.79,0.31897,
,151.92,0,152.02,392,152.14,23.9,152.23,14.9,152.36,25.9,152.51,58.364,152.65,62.9,152.78,24.00,152.91,0.50,153.04,0.00,153.17,0,153.30,0.30994,
,153.41,0,153.53,394,153.62,23.1,153.75,14.9,153.86,25.2,154.00,58.364,154.14,62.9,154.25,24.00,154.39,0.47,154.52,0.00,154.65,0,154.80,0.34412,
,154.92,0,155.02,395,155.14,23.9,155.23,14.9,155.36,25.6,155.51,58.424,155.65,62.9,155.78,24.00,155.91,0.48,156.03,0.00,156.17,0,156.31,0.33417,
,156.41,0,156.55,397,156.63,23.9,156.76,14.9,156.87,25.2,157.00,58.424,157.15,62.9,157.28,24.00,157.40,0.48,157.52,0.00,157.66,0,157.78,0.31927,
,157.88,0,158.01,398,158.10,24.3,158.19,14.9,158.33,25.6,158.47,58.424,158.61,62.9,158.74,24.00,158.87,0.47,158.99,0.00,159.13,0,159.25,0.32925,
,159.36,0,159.45,400,159.58,23.9,159.68,14.9,159.77,25.7,159.91,58.364,160.03,63.3,160.15,24.00,160.27,0.47,160.41,0.00,160.56,0,160.69,0.32175,
,160.81,0,160.91,401,161.03,24.3,161.12,14.9,161.25,26.6,161.39,58.284,161.53,63.3,161.66,24.00,161.78,0.45,161.90,0.00,162.04,0,162.19,0.32919,
,162.31,0,162.40,403,162.53,23.9,162.62,14.9,162.75,25.6,162.88,58.364,163.02,63.3,163.15,24.00,163.28,0.48,163.40,0.00,163.54,0,163.68,0.33661,
,163.81,0,163.90,404,164.03,23.9,164.12,14.9,164.25,25.5,164.38,58.504,164.52,63.3,164.65,24.00,164.78,0.46,164.90,0.00,165.04,0,165.18,0.34799,
,165.31,0,165.40,406,165.53,23.9,165.62,14.9,165.75,25.7,165.88,58.484,166.02,63.8,166.15,24.00,166.28,0.48,166.40,0.00,166.54,0,166.68,0.36560,
,166.81,0,166.90,407,167.03,23.5,167.12,14.9,167.25,25.7,167.38,58.364,167.52,63.8,167.66,24.00,167.79,0.47,167.92,0.00,168.06,0,168.19,0.43887,
,168.30,0,168.40,409,168.49,23.5,168.58,14.9,168.71,25.2,168.85,58.364,168.97,63.8,169.11,24.00,169.23,0.48,169.37,0.00,169.51,0,169.65,0.44684,
,169.77,0,169.89,410,169.98,23.5,170.11,14.9,170.22,25.7,170.35,58.364,170.50,63.8,170.63,24.00,170.75,0.47,170.89,0.00,171.03,0,171.17,0.30548,
,171.31,0,171.39,412,171.51,23.9,171.60,14.9,171.73,25.4,171.87,58.424,172.01,63.8,172.14,24.00,172.27,0.48,172.39,0.00,172.52,0,172.66,0.38831,
,172.81,0,172.89,413,173.01,23.9,173.10,14.9,173.23,25.8,173.36,58.484,173.50,63.8,173.63,24.00,173.76,0.46,173.88,0.00,174.02,0,174.14,0.35962,
,174.25,0,174.38,415,174.48,23.5,174.61,14.9,174.71,25.4,174.85,58.484,174.98,64.3,175.11,24.00,175.25,0.47,175.38,0.00,175.53,0,175.65,0.33667,
,175.77,0,175.86,416,175.96,23.9,176.06,14.9,176.17,25.7,176.32,58.424,176.45,64.3,176.59,24.00,176.72,0.47,176.84,0.00,176.98,0,177.12,0.35007,
,177.23,0,177.35,418,177.44,23.9,177.57,14.9,177.70,25.2,177.84,58.364,177.97,64.3,178.10,24.00,178.23,0.47,178.35,0.00,178.49,0,178.63,0.35123,
,178.72,0,178.85,419,178.94,23.5,179.07,14.9,179.18,25.9,179.33,58.364,179.44,64.3,179.57,24.00,179.68,0.45,179.82,0.00,179.95,0,180.09,0.21866,
,180.19,0,180.30,421,180.39,23.9,180.49,14.9,180.59,24.6,180.72,58.364,180.86,64.3,180.99,24.00,181.13,0.47,181.27,0.00,181.41,0,181.54,0.30215,
,181.66,0,181.78,422,181.87,24.7,182.00,14.9,182.11,25.3,182.26,58.364,182.40,64.3,182.53,24.00,182.66,0.47,182.78,0.00,182.91,0,183.06,0.34537,
,183.18,0,183.28,424,183.40,23.5,183.49,14.9,183.62,25.6,183.76,58.364,183.90,64.7,184.03,24.00,184.15,0.47,184.28,0.00,184.41,0,184.56,0.37411,
,184.68,0,184.77,425,184.90,24.3,184.99,14.9,185.12,25.2,185.26,58.364,185.40,64.3,185.53,24.00,185.65,0.47,185.78,0.00,185.91,0,186.05,0.35101,
,186.18,0,186.27,427,186.40,24.7,186.50,14.9,186.62,25.8,186.75,58.244,186.90,64.7,187.03,24.00,187.15,0.48,187.27,0.00,187.41,0,187.53,0.34360,
,187.65,0,187.74,428,187.83,24.3,187.96,14.9,188.08,25.6,188.22,58.244,188.34,64.7,188.47,24.00,188.61,0.46,188.74,0.00,188.87,0,189.00,0.37292,
,189.11,0,189.24,430,189.33,24.3,189.46,14.9,189.58,25.1,189.72,58.244,189.86,64.7,189.97,24.00,190.10,0.47,190.24,0.00,190.39,0,190.53,0.33789,
,190.66,0,190.75,431,190.88,24.3,190.97,14.9,191.10,25.7,191.25,58.304,191.39,64.7,191.52,24.00,191.65,0.46,191.78,0.00,191.92,0,192.06,0.22241,
,192.18,0,192.27,433,192.40,23.9,192.49,14.9,192.62,25.0,192.76,58.244,192.89,64.7,193.02,24.00,193.15,0.48,193.27,0.00,193.41,0,193.53,0.45685,
,193.65,0,193.74,434,193.83,23.9,193.96,14.9,194.08,25.2,194.22,58.244,194.36,64.7,194.50,24.00,194.62,0.46,194.75,0.00,194.88,0,195.00,0.37891,
,195.12,0,195.21,436,195.31,24.3,195.43,14.9,195.52,25.4,195.66,58.164,195.80,64.7,195.91,24.00,196.04,0.47,196.16,0.00,196.32,0,196.47,0.34976,
,196.60,0,196.69,437,196.81,23.9,196.91,14.9,197.04,25.3,197.19,58.164,197.34,64.7,197.46,24.00,197.60,0.47,197.74,0.00,197.89,0,198.03,0.34659,
,198.16,0,198.25,439,198.34,23.9,198.47,14.9,198.59,25.2,198.73,58.244,198.87,64.7,199.00,24.00,199.15,0.47,199.29,0.00,199.43,0,199.59,0.35840,
,199.68,0,199.81,440,199.90,23.9,200.03,14.9,200.15,25.5,200.30,58.244,200.43,64.7,200.58,24.00,200.69,0.45,200.83,0.00,200.95,0,201.11,0.36697,
,201.22,0,201.34,442,201.44,23.9,201.56,14.9,201.67,24.6,201.81,58.424,201.94,65.2,202.09,24.00,202.21,0.47,202.34,0.00,202.48,0,202.62,0.37396,
,202.74,0,202.84,443,202.96,23.5,203.07,14.9,203.20,24.8,203.34,58.484,203.48,65.2,203.61,24.00,203.74,0.47,203.86,0.00,204.00,0,204.14,0.39313,
,204.25,0,204.37,445,204.46,24.7,204.58,14.9,204.68,25.1,204.83,58.484,204.94,65.2,205.07,24.00,205.18,0.46,205.32,0.00,205.44,0,205.58,0.37305,
,205.68,0,205.77,446,205.88,23.9,205.97,14.9,206.10,25.6,206.25,58.424,206.39,65.2,206.52,24.00,206.66,0.46,206.80,0.00,206.93,0,207.10,0.38837,
,207.19,0,207.31,448,207.41,24.3,207.53,14.9,207.65,25.4,207.79,58.364,207.94,65.2,208.08,24.00,208.21,0.47,208.35,0.00,208.50,0,208.64,0.38364,
,208.75,0,208.87,449,208.96,23.9,209.09,14.9,209.20,25.4,209.35,58.364,209.49,65.2,209.63,24.00,209.75,0.47,209.88,0.00,210.01,0,210.15,0.35287,
,210.28,0,210.37,451,210.49,23.1,210.58,14.5,210.72,25.1,210.85,58.244,210.99,65.2,211.12,24.00,211.25,0.45,211.37,0.00,211.51,0,211.65,0.37454,
,211.77,0,211.86,452,211.99,23.5,212.08,14.9,212.19,24.7,212.36,58.244,212.50,65.2,212.61,24.00,212.75,0.47,212.86,0.00,213.02,0,213.14,0.45566,
,213.25,0,213.36,454,213.46,24.7,213.58,14.9,213.70,25.2,213.85,58.364,213.99,65.2,214.12,24.00,214.25,0.46,214.38,0.00,214.51,0,214.65,0.22562,
,214.76,0,214.88,455,214.98,24.3,215.10,14.9,215.22,24.8,215.35,58.364,215.49,65.2,215.62,24.00,215.75,0.47,215.87,0.00,216.01,0,216.15,0.41129,
,216.26,0,216.38,457,216.47,23.9,216.60,14.9,216.70,25.3,216.84,58.364,216.97,65.2,217.09,24.00,217.21,0.48,217.34,0.00,217.47,0,217.59,0.46924,
,217.69,0,217.80,458,217.91,23.9,218.01,14.9,218.14,25.1,218.27,58.304,218.41,65.2,218.53,24.00,218.65,0.47,218.79,0.00,218.94,0,219.09,0.42242,
,219.18,0,219.31,460,219.41,23.9,219.53,14.9,219.65,25.0,219.79,58.364,219.93,65.2,220.07,24.00,220.20,0.47,220.35,0.00,220.49,0,220.65,0.43967,
,220.77,0,220.89,461,220.99,24.3,221.11,14.9,221.23,25.6,221.37,58.364,221.51,65.6,221.64,24.00,221.78,0.46,221.91,0.00,222.07,0,222.20,0.31006,
,222.32,0,222.42,463,222.56,24.7,222.64,14.9,222.77,26.3,222.90,58.364,223.04,65.6,223.17,24.00,223.30,0.47,223.42,0.00,223.56,0,223.68,0.40741,
,223.80,0,223.88,464,223.98,24.3,224.10,14.9,224.22,24.9,224.35,58.364,224.47,65.6,224.59,24.00,224.72,0.48,224.84,0.00,224.98,0,225.12,0.44724,
,225.23,0,225.35,466,225.45,23.9,225.57,14.9,225.70,25.9,225.85,58.364,225.97,65.6,226.09,24.00,226.23,0.47,226.37,0.00,226.52,0,226.66,0.43167,
,226.76,0,226.89,467,226.98,23.9,227.11,14.9,227.22,25.5,227.36,58.424,227.50,65.6,227.63,24.00,227.75,0.47,227.88,0.00,228.01,0,228.15,0.34744,
,228.26,0,228.38,469,228.48,23.1,228.60,14.5,228.71,25.5,228.85,58.364,228.99,65.6,229.11,24.00,229.24,0.47,229.36,0.00,229.50,0,229.64,0.34406,
,229.75,0,229.85,470,229.94,23.9,230.05,14.9,230.13,25.8,230.27,58.344,230.39,65.6,230.51,24.00,230.64,0.46,230.77,0.00,230.90,0,231.04,0.35324,
,231.17,0,231.26,472,231.39,22.7,231.48,14.9,231.61,25.8,231.74,58.304,231.89,65.6,232.02,24.00,232.14,0.47,232.26,0.00,232.40,0,232.54,0.39029,
,232.66,0,232.76,473,232.88,23.1,232.98,14.9,233.10,25.3,233.25,58.364,233.39,65.6,233.52,24.00,233.66,0.47,233.80,0.00,233.94,0,234.09,0.49344,
,234.19,0,234.32,475,234.41,23.1,234.53,14.9,234.64,30.3,234.78,58.364,234.92,65.6,235.05,24.00,235.18,0.55,235.32,0.00,235.45,0,235.59,0.26581,
,235.72,0,235.82,476,235.94,27.1,236.03,14.9,236.16,30.4,236.31,58.364,236.45,65.6,236.59,24.00,236.71,0.57,236.84,0.00,236.97,0,237.12,0.33505,
,237.25,0,237.34,478,237.46,25.1,237.57,14.5,237.69,30.4,237.83,58.424,237.96,65.6,238.10,24.00,238.23,0.58,238.36,0.00,238.49,0,238.63,0.34500,
,238.74,0,238.87,479,238.96,25.5,239.07,14.9,239.18,29.8,239.33,58.484,239.45,66.1,239.58,24.00,239.69,0.56,239.83,0.00,239.96,0,240.11,0.34500,
,240.21,0,240.34,481,240.43,25.9,240.57,14.9,240.67,30.2,240.81,58.484,240.95,66.1,241.09,24.00,241.20,0.57,241.34,0.00,241.47,0,241.61,0.35422,
,241.71,0,241.84,482,241.93,25.1,242.07,14.9,242.17,30.2,242.30,58.424,242.43,65.6,242.57,24.00,242.68,0.56,242.82,0.00,242.94,0,243.08,0.34995,
,243.18,0,243.27,484,243.39,25.9,243.50,14.9,243.60,30.8,243.74,58.364,243.86,66.1,243.99,24.00,244.13,0.57,244.26,0.00,244.39,0,244.53,0.35217,
,244.66,0,244.75,485,244.87,26.3,244.97,14.9,245.11,30.9,245.25,58.244,245.39,66.1,245.51,24.00,245.64,0.57,245.76,0.00,245.90,0,246.04,0.35217,
,246.15,0,246.27,487,246.37,25.1,246.49,14.9,246.61,30.5,246.74,58.304,246.88,66.1,246.99,24.00,247.12,0.57,247.26,0.00,247.41,0,247.55,0.34732,
,247.67,0,247.77,488,247.89,25.9,247.99,14.9,248.12,31.0,248.27,58.304,248.41,66.1,248.54,24.00,248.68,0.56,248.80,0.00,248.95,0,249.09,0.34952,
,249.20,0,249.32,490,249.42,25.5,249.54,14.9,249.66,29.9,249.79,58.304,249.93,66.1,250.06,24.00,250.19,0.56,250.34,0.00,250.47,0,250.62,0.35284,
,250.74,0,250.86,491,250.95,25.1,251.08,14.9,251.19,30.0,251.35,58.304,251.48,66.1,251.61,24.00,251.73,0.57,251.86,0.00,252.00,0,252.14,0.34961,
,252.26,0,252.36,493,252.48,24.7,252.58,14.9,252.70,32.1,252.85,58.304,252.98,66.1,253.11,24.00,253.23,0.57,253.36,0.00,253.49,0,253.61,0.35501,
,253.72,0,253.82,494,253.91,25.9,254.02,14.9,254.15,31.0,254.29,58.304,254.43,66.1,254.57,24.00,254.69,0.56,254.82,0.00,254.95,0,255.11,0.33948,
,255.21,0,255.32,496,255.43,24.7,255.53,15.3,255.65,31.0,255.79,58.364,255.93,66.1,256.07,24.00,256.18,0.56,256.32,0.00,256.44,0,256.59,0.40146,
,256.71,0,256.82,497,256.93,25.9,257.02,14.9,257.14,30.3,257.27,58.364,257.41,66.1,257.54,24.00,257.67,0.58,257.79,0.00,257.93,0,258.08,0.40509,
,258.18,0,258.27,499,258.36,25.1,258.46,14.9,258.58,30.4,258.71,58.424,258.86,66.1,258.98,24.00,259.11,0.58,259.23,0.00,259.36,0,259.49,0.40509,
,259.61,0,259.71,500,259.83,25.5,259.93,14.9,260.08,30.4,260.21,58.424,260.36,66.5,260.47,24.00,260.62,0.58,260.76,0.00,260.91,0,261.05,0.40387,
,261.17,0,261.27,502,261.39,25.5,261.49,14.9,261.63,30.3,261.78,58.424,261.92,66.5,262.05,24.00,262.19,0.56,262.32,0.00,262.47,0,262.62,0.41669,
,262.73,0,262.86,503,262.95,25.5,263.08,14.9,263.19,30.5,263.36,58.424,263.48,66.1,263.61,24.00,263.74,0.57,263.86,0.00,264.00,0,264.14,0.41431,
,264.26,0,264.35,505,264.48,25.5,264.58,14.9,264.70,30.6,264.85,58.484,264.98,66.5,265.11,24.00,265.23,0.57,265.36,0.00,265.49,0,265.63,0.41074,
,265.76,0,265.85,506,265.98,25.9,266.08,14.9,266.20,31.0,266.34,58.484,266.47,66.5,266.60,24.00,266.71,0.56,266.85,0.00,266.99,0,267.13,0.40509,
,267.24,0,267.33,508,267.44,25.5,267.58,14.9,267.68,30.4,267.84,58.484,267.95,66.1,268.08,24.00,268.21,0.55,268.36,0.00,268.50,0,268.64,0.41599,
,268.77,0,268.86,509,268.99,24.3,269.09,14.9,269.22,30.2,269.37,58.244,269.51,66.5,269.64,24.00,269.77,0.53,269.89,0.00,270.03,0,270.17,0.42859,
,270.30,0,270.39,511,270.51,27.5,270.61,14.9,270.73,32.0,270.87,58.244,271.01,66.5,271.14,24.00,271.27,0.57,271.39,0.00,271.52,0,271.66,0.42273,
,271.79,0,271.88,512,272.01,25.1,272.10,14.9,272.23,31.0,272.36,58.304,272.49,66.5,272.60,24.00,272.73,0.56,272.85,0.00,273.00,0,273.14,0.42206,
,273.25,0,273.38,514,273.47,25.9,273.59,15.3,273.71,30.1,273.87,58.484,274.02,66.1,274.14,24.00,274.27,0.57,274.41,0.00,274.56,0,274.70,0.42383,
,274.82,0,274.94,515,275.03,25.9,275.15,15.3,275.27,30.5,275.40,58.484,275.54,66.5,275.67,24.00,275.80,0.57,275.92,0.00,276.06,0,276.20,0.42145,
,276.32,0,276.44,517,276.53,25.1,276.65,14.9,276.77,30.0,276.90,58.504,277.04,66.5,277.17,24.00,277.30,0.58,277.42,0.00,277.55,0,277.68,0.41840,
,277.82,0,277.90,518,278.02,25.5,278.12,14.9,278.25,29.5,278.38,58.424,278.52,66.5,278.65,24.00,278.78,0.53,278.90,0.00,279.04,0,279.18,0.42444,
,279.32,0,279.40,520,279.49,25.5,279.61,14.9,279.73,29.5,279.86,58.364,279.99,66.5,280.12,24.00,280.24,0.56,280.37,0.00,280.50,0,280.63,0.42621,
,280.74,0,280.86,521,280.99,25.9,281.11,14.9,281.22,30.2,281.37,58.364,281.51,66.5,281.64,24.00,281.77,0.57,281.89,0.00,282.03,0,282.17,0.42740,
,282.29,0,282.39,523,282.51,25.5,282.60,14.9,282.73,30.2,282.87,58.364,283.01,66.5,283.14,24.00,283.27,0.56,283.39,0.00,283.53,0,283.67,0.42444,
,283.79,0,283.89,524,284.01,25.1,284.11,14.9,284.23,30.3,284.37,58.364,284.51,66.5,284.64,24.00,284.76,0.57,284.89,0.00,285.02,0,285.16,0.43216,
,285.29,0,285.38,526,285.51,25.1,285.60,15.3,285.73,30.2,285.86,58.364,285.99,67.0,286.12,24.00,286.24,0.57,286.38,0.00,286.53,0,286.67,0.42807,
,286.80,0,286.89,527,287.02,25.5,287.11,14.9,287.24,31.8,287.39,58.304,287.53,66.5,287.66,24.00,287.78,0.57,287.91,0.00,288.04,0,288.18,0.43454,
,288.29,0,288.42,529,288.51,25.1,288.63,14.9,288.75,30.5,288.88,58.284,289.02,66.5,289.15,24.00,289.28,0.57,289.40,0.00,289.54,0,289.68,0.42807,
,289.79,0,289.91,530,290.02,25.9,290.13,14.9,290.23,30.0,290.36,58.304,290.49,66.5,290.62,24.00,290.74,0.56,290.87,0.00,291.01,0,291.15,0.43216,
,291.26,0,291.39,532,291.48,25.1,291.61,14.9,291.72,31.0,291.86,58.284,292.00,66.5,292.13,24.00,292.27,0.57,292.39,0.00,292.53,0,292.67,0.43289,
,292.79,0,292.89,533,293.01,26.3,293.10,14.9,293.23,30.3,293.37,58.364,293.51,67.0,293.64,24.00,293.76,0.58,293.89,0.00,294.02,0,294.16,0.43774,
,294.29,0,294.38,535,294.51,25.1,294.60,14.9,294.73,30.5,294.87,58.424,295.01,67.0,295.14,24.00,295.26,0.57,295.39,0.00,295.52,0,295.66,0.43774,
,295.79,0,295.88,536,296.01,25.9,296.10,14.9,296.23,30.1,296.36,58.424,296.50,67.0,296.62,24.00,296.74,0.57,296.87,0.00,297.00,0,297.13,0.43774,
,297.27,0,297.36,538,297.48,25.9,297.59,15.3,297.72,30.1,297.87,58.424,298.01,67.0,298.14,24.00,298.26,0.56,298.39,0.00,298.52,0,298.66,0.44016,
,298.79,0,298.88,539,299.01,25.9,299.10,14.9,299.23,30.4,299.36,58.364,299.49,67.0,299.62,24.00,299.74,0.56,299.87,0.00,300.00,0,300.13,0.44525,
,300.26,0,300.35,541,300.47,25.9,300.58,14.9,300.71,30.7,300.86,58.424,300.99,67.0,301.12,24.00,301.26,0.56,301.38,0.00,301.53,0,301.67,0.44763,
,301.78,0,301.91,542,302.00,25.5,302.13,15.3,302.24,30.7,302.39,58.364,302.53,67.0,302.66,24.00,302.80,0.56,302.94,0.00,303.10,0,303.23,0.44525,
,303.34,0,303.47,544,303.57,25.1,303.69,15.3,303.80,30.8,303.95,58.504,304.10,67.0,304.22,24.00,304.36,0.56,304.49,0.00,304.64,0,304.78,0.45105,
,304.90,0,305.00,545,305.12,25.1,305.21,14.9,305.36,29.6,305.49,58.304,305.63,67.0,305.77,24.00,305.89,0.56,306.02,0.00,306.15,0,306.29,0.44742,
,306.40,0,306.53,547,306.62,25.1,306.74,15.3,306.86,30.8,306.99,58.424,307.13,67.0,307.26,24.00,307.39,0.57,307.51,0.00,307.65,0,307.79,0.45715,
,307.90,0,308.02,548,308.12,25.9,308.24,15.3,308.35,30.3,308.49,58.424,308.63,67.0,308.76,24.00,308.88,0.57,309.01,0.00,309.16,0,309.28,0.45224,
,309.39,0,309.49,550,309.58,25.9,309.68,15.3,309.79,30.7,309.94,58.424,310.09,67.4,310.21,24.00,310.36,0.57,310.49,0.00,310.64,0,310.78,0.45224,
,310.89,0,311.02,551,311.11,25.5,311.23,14.9,311.36,30.3,311.50,58.424,311.64,67.4,311.77,24.00,311.89,0.56,312.02,0.00,312.15,0,312.29,0.45346,
,312.42,0,312.51,553,312.64,25.9,312.73,14.9,312.86,29.7,313.01,58.364,313.15,67.0,313.28,24.00,313.40,0.55,313.53,0.00,313.66,0,313.80,0.45831,
,313.92,0,314.04,554,314.14,25.1,314.26,14.9,314.38,31.0,314.51,58.364,314.65,67.4,314.78,24.00,314.90,0.55,315.03,0.00,315.16,0,315.30,0.45831,
,315.41,0,315.54,556,315.63,25.9,315.76,14.9,315.87,30.0,316.01,58.364,316.15,67.0,316.28,24.00,316.40,0.56,316.53,0.00,316.66,0,316.80,0.46313,
,316.91,0,317.04,557,317.13,25.9,317.26,14.9,317.37,30.1,317.50,58.364,317.63,67.4,317.76,24.00,317.89,0.55,318.01,0.00,318.15,0,318.29,0.46072,
,318.41,0,318.51,559,318.63,25.1,318.73,14.9,318.86,29.6,318.99,58.424,319.13,67.4,319.26,24.00,319.38,0.57,319.51,0.00,319.65,0,319.79,0.45709,
,319.92,0,320.01,560,320.14,25.5,320.23,14.9,320.36,30.0,320.50,58.484,320.64,67.4,320.76,24.00,320.88,0.57,321.01,0.00,321.15,0,321.29,0.46555,
,321.42,0,321.51,562,321.63,25.5,321.75,14.9,321.87,30.8,322.00,58.544,322.13,67.4,322.26,24.00,322.39,0.56,322.51,0.00,322.65,0,322.79,0.46667,
,322.92,0,323.01,563,323.14,24.7,323.23,14.9,323.36,29.6,323.49,58.544,323.63,67.4,323.76,24.00,323.89,0.55,324.01,0.00,324.15,0,324.29,0.46918,
,324.42,0,324.51,565,324.64,23.5,324.73,14.9,324.86,28.4,324.99,58.484,325.13,67.4,325.26,24.00,325.39,0.53,325.51,0.00,325.64,0,325.77,0.48676,
,325.88,0,325.98,566,326.08,24.7,326.19,14.9,326.34,30.5,326.46,58.484,326.61,67.4,326.72,24.00,326.86,0.55,327.00,0.00,327.14,0,327.27,0.47867,
,327.38,0,327.51,568,327.60,24.7,327.73,14.9,327.86,29.7,327.99,58.484,328.13,67.4,328.26,24.00,328.38,0.57,328.51,0.00,328.64,0,328.77,0.47501,
,328.88,0,329.00,569,329.10,25.5,329.22,14.9,329.33,29.8,329.45,58.364,329.59,67.4,329.69,24.00,329.84,0.56,329.94,0.00,330.11,0,330.23,0.47977,
,330.36,0,330.47,571,330.59,25.1,330.68,14.9,330.81,30.2,330.95,58.364,331.09,67.4,331.22,24.00,331.38,0.57,331.52,0.00,331.65,0,331.79,0.48007,
,331.90,0,332.03,572,332.12,25.1,332.25,14.9,332.37,30.2,332.51,58.284,332.65,67.9,332.78,24.00,332.90,0.57,333.03,0.00,333.16,0,333.30,0.48248,
,333.43,0,333.52,574,333.65,25.1,333.74,14.9,333.87,29.6,334.01,58.304,334.15,67.9,334.28,24.00,334.40,0.57,334.53,0.00,334.66,0,334.78,0.48810,
,334.91,0,335.00,575,335.13,25.9,335.22,14.9,335.36,30.0,335.50,58.304,335.64,67.9,335.77,24.00,335.89,0.57,336.02,0.00,336.17,0,336.31,0.48730,
,336.43,0,336.53,577,336.65,25.1,336.75,15.3,336.87,29.8,337.01,58.344,337.15,67.9,337.28,24.00,337.40,0.56,337.53,0.00,337.66,0,337.80,0.49167,
,337.93,0,338.02,578,338.15,25.9,338.24,15.3,338.36,30.4,338.51,58.424,338.65,67.9,338.78,24.00,338.91,0.56,339.05,0.00,339.20,0,339.34,0.48853,
,339.47,0,339.56,580,339.68,25.1,339.78,15.3,339.90,30.7,340.04,58.364,340.19,67.9,340.31,24.00,340.44,0.57,340.56,0.00,340.69,0,340.83,0.49216,
,340.96,0,341.05,581,341.18,25.1,341.27,15.3,341.40,30.2,341.54,58.284,341.68,67.9,341.81,24.00,341.93,0.56,342.06,0.00,342.19,0,342.33,0.49094,
,342.46,0,342.55,583,342.68,25.1,342.77,15.3,342.90,30.6,343.03,58.284,343.16,67.9,343.29,24.00,343.41,0.56,343.54,0.00,343.67,0,343.80,0.49942,
,343.90,0,343.99,584,344.11,25.5,344.21,15.3,344.32,30.3,344.45,58.284,344.59,67.9,344.72,24.00,344.88,0.56,345.02,0.00,345.17,0,345.31,0.49942,
,345.44,0,345.53,586,345.65,25.1,345.75,15.3,345.87,30.4,346.01,58.344,346.15,67.9,346.28,24.00,346.41,0.57,346.53,0.00,346.66,0,346.80,0.50305,
,346.93,0,347.02,587,347.15,25.5,347.24,15.3,347.37,30.2,347.50,58.364,347.63,67.9,347.76,24.00,347.88,0.56,348.01,0.00,348.14,0,348.27,0.51074,
,348.39,0,348.49,589,348.61,25.1,348.71,15.3,348.85,30.3,348.97,58.424,349.12,67.9,349.24,24.00,349.37,0.57,349.49,0.00,349.63,0,349.77,0.50546,
,349.87,0,349.99,590,350.09,25.1,350.22,14.9,350.32,30.5,350.45,58.424,350.58,67.9,350.69,24.00,350.82,0.57,350.94,0.00,351.08,0,351.20,0.50909,
,351.30,0,351.40,592,351.49,25.9,351.61,15.3,351.72,30.4,351.89,58.544,352.03,67.9,352.17,24.00,352.30,0.57,352.45,0.00,352.61,0,352.73,0.51028,
,352.86,0,352.99,593,353.10,25.5,353.21,14.9,353.30,29.9,353.44,58.544,353.56,67.9,353.68,24.00,353.80,0.56,353.93,0.00,354.07,0,354.21,0.51514,
,354.34,0,354.43,595,354.56,25.5,354.65,14.9,354.78,29.8,354.91,58.544,355.05,68.3,355.18,24.00,355.31,0.55,355.43,0.00,355.57,0,355.71,0.51788,
,355.84,0,355.93,596,356.05,24.7,356.15,14.9,356.26,30.2,356.39,58.404,356.52,68.3,356.65,24.00,356.77,0.58,356.90,0.00,357.03,0,357.16,0.52118,
,357.27,0,357.40,598,357.49,23.1,357.61,15.3,357.71,27.6,357.86,58.424,357.97,68.3,358.10,24.00,358.21,0.58,358.35,0.00,358.47,0,358.61,0.53403,
,358.69,0,358.78,599,358.88,24.3,359.00,14.9,359.15,30.1,359.30,58.364,359.43,68.3,359.57,24.00,359.71,0.57,359.83,0.00,359.96,0,360.10,0.52756,
,360.23,0,360.32,601,360.45,25.1,360.54,14.9,360.67,30.4,360.80,58.344,360.94,68.3,361.07,24.00,361.20,0.56,361.32,0.00,361.46,0,361.60,0.52740,
,361.73,0,361.82,602,361.94,24.7,362.04,14.9,362.15,29.7,362.28,58.364,362.41,68.3,362.54,24.00,362.66,0.56,362.80,0.00,362.95,0,363.08,0.52979,
,363.19,0,363.30,604,363.39,25.9,363.51,14.9,363.64,30.2,363.80,58.364,363.92,68.3,364.04,24.00,364.18,0.56,364.32,0.00,364.47,0,364.61,0.53336,
,364.73,0,364.83,605,364.95,25.5,365.08,14.9,365.19,30.2,365.34,58.424,365.48,68.3,365.63,24.00,365.76,0.56,365.90,0.00,366.04,0,366.19,0.53448,
,366.30,0,366.42,607,366.51,25.5,366.64,14.9,366.76,30.3,366.90,58.424,367.04,68.3,367.18,24.00,367.31,0.55,367.44,0.00,367.57,0,367.72,0.54169,
,367.83,0,367.95,608,368.04,25.1,368.17,14.9,368.28,30.0,368.42,58.484,368.56,68.3,368.69,24.00,368.82,0.55,368.94,0.00,369.08,0,369.21,0.53812,
,369.33,0,369.45,610,369.54,25.1,369.67,14.9,369.78,30.1,369.91,58.484,370.05,68.3,370.18,24.00,370.31,0.56,370.43,0.00,370.57,0,370.71,0.54764,
,370.82,0,370.95,611,371.04,25.1,371.17,14.9,371.28,30.4,371.41,58.544,371.55,68.3,371.69,24.00,371.81,0.57,371.94,0.00,372.07,0,372.21,0.54172,
,372.32,0,372.45,613,372.54,25.5,372.66,14.9,372.76,29.8,372.89,58.604,373.02,68.3,373.15,24.00,373.28,0.56,373.40,0.00,373.53,0,373.66,0.54883,
,373.79,0,373.88,614,373.97,25.1,374.10,14.9,374.21,30.0,374.35,58.604,374.49,68.3,374.63,24.00,374.76,0.55,374.88,0.00,375.02,0,375.16,0.55002,
,375.26,0,375.36,616,375.47,25.5,375.60,14.9,375.71,30.1,375.84,58.404,375.97,68.3,376.09,24.00,376.21,0.57,376.34,0.00,376.48,0,376.63,0.56073,
,376.71,0,376.80,617,376.91,25.1,376.99,14.9,377.12,29.9,377.23,58.424,377.37,68.3,377.48,24.00,377.61,0.56,377.74,0.00,377.89,0,378.03,0.55478,
,378.16,0,378.25,619,378.38,25.1,378.50,15.3,378.63,30.1,378.77,58.404,378.90,68.3,379.03,24.00,379.15,0.56,379.28,0.00,379.41,0,379.55,0.55261,
,379.67,0,379.79,620,379.88,25.5,380.01,14.9,380.14,29.7,380.27,58.404,380.40,68.3,380.52,24.00,380.65,0.56,380.78,0.00,380.91,0,381.05,0.55954,
,381.16,0,381.29,622,381.38,24.7,381.51,15.3,381.63,30.0,381.77,58.484,381.91,68.3,382.05,24.00,382.16,0.56,382.29,0.00,382.43,0,382.56,0.56470,
,382.66,0,382.79,623,382.88,25.1,383.02,15.3,383.14,29.8,383.29,58.484,383.43,68.3,383.57,24.00,383.71,0.56,383.84,0.00,383.98,0,384.13,0.56668,
,384.23,0,384.36,625,384.45,25.1,384.58,15.3,384.69,29.8,384.82,58.544,384.96,68.8,385.09,24.00,385.22,0.56,385.34,0.00,385.48,0,385.63,0.57263,
,385.73,0,385.86,626,385.95,24.7,386.07,15.3,386.19,30.0,386.32,58.564,386.46,68.3,386.59,24.00,386.72,0.56,386.84,0.00,386.97,0,387.13,0.57263,
,387.23,0,387.35,628,387.45,25.1,387.57,15.3,387.69,29.6,387.82,58.624,387.96,68.8,388.09,24.00,388.22,0.56,388.34,0.00,388.48,0,388.63,0.57382,
,388.73,0,388.85,629,388.95,24.7,389.07,14.9,389.19,30.1,389.32,58.604,389.44,68.8,389.57,24.00,389.70,0.56,389.82,0.00,389.97,0,390.11,0.57858,
,390.21,0,390.30,631,390.40,25.1,390.52,14.9,390.63,30.2,390.76,58.544,390.90,68.8,391.04,24.00,391.17,0.56,391.30,0.00,391.45,0,391.60,0.57739,
,391.72,0,391.81,632,391.94,24.7,392.03,14.9,392.16,30.1,392.31,58.544,392.45,68.8,392.59,24.00,392.72,0.56,392.86,0.00,393.00,0,393.14,0.58215,
,393.26,0,393.36,634,393.47,24.7,393.57,14.9,393.68,29.6,393.83,58.484,393.96,68.8,394.07,24.00,394.20,0.55,394.32,0.00,394.46,0,394.58,0.58453,
,394.69,0,394.80,635,394.92,25.1,395.05,14.9,395.16,30.2,395.31,58.484,395.46,68.8,395.59,24.00,395.73,0.57,395.88,0.00,396.01,0,396.16,0.58929,
,396.27,0,396.41,637,396.50,25.1,396.62,14.9,396.76,29.9,396.91,58.424,397.05,68.8,397.18,24.00,397.32,0.55,397.44,0.00,397.57,0,397.72,0.58810,
,397.85,0,397.94,638,398.06,25.1,398.15,15.3,398.28,30.2,398.42,58.424,398.56,68.8,398.69,24.00,398.82,0.56,398.94,0.00,399.07,0,399.22,0.59167,
,399.36,0,399.44,640,399.56,25.5,399.66,15.3,399.79,30.1,399.93,58.424,400.08,68.8,400.20,24.00,400.32,0.56,400.45,0.00,400.58,0,400.71,0.59525,
,400.80,0,400.93,641,401.02,24.7,401.15,15.3,401.26,29.8,401.40,58.424,401.54,68.8,401.67,24.00,401.79,0.54,401.91,0.00,402.05,0,402.18,0.59525,
,402.27,0,402.40,643,402.49,25.5,402.61,14.9,402.73,29.8,402.87,58.484,402.99,68.8,403.12,24.00,403.23,0.56,403.37,0.00,403.49,0,403.64,0.59882,
,403.74,0,403.86,644,403.97,25.1,404.07,15.3,404.21,30.0,404.34,58.544,404.49,68.8,404.63,24.00,404.76,0.56,404.90,0.00,405.05,0,405.19,0.60001,
,405.31,0,405.41,646,405.53,24.7,405.63,15.3,405.75,29.7,405.90,58.484,406.05,68.8,406.18,24.00,406.30,0.55,406.44,0.00,406.59,0,406.73,0.60596,
,406.85,0,406.97,647,407.06,25.1,407.19,15.3,407.30,30.1,407.43,58.604,407.58,68.8,407.71,24.00,407.83,0.56,407.95,0.00,408.09,0,408.23,0.60834,
,408.35,0,408.46,649,408.55,25.5,408.68,15.3,408.80,30.1,408.93,58.604,409.07,68.8,409.21,24.00,409.33,0.56,409.46,0.00,409.59,0,409.73,0.60834,
,409.86,0,409.97,650,410.07,25.5,410.19,15.3,410.30,29.5,410.45,58.664,410.59,68.8,410.72,24.00,410.86,0.56,410.97,0.00,411.12,0,411.24,0.61191,
,411.37,0,411.50,652,411.60,25.5,411.72,15.3,411.83,30.3,411.96,58.664,412.12,68.8,412.24,24.00,412.37,0.56,412.49,0.00,412.63,0,412.76,0.61072,
,412.87,0,413.00,653,413.10,25.5,413.21,15.3,413.33,30.0,413.46,58.624,413.61,68.8,413.74,24.00,413.88,0.56,413.98,0.00,414.13,0,414.25,0.61548,
,414.37,0,414.49,655,414.60,25.1,414.71,15.3,414.83,30.3,414.96,58.624,415.12,68.8,415.23,24.00,415.38,0.57,415.49,0.00,415.63,0,415.76,0.62018,
,415.87,0,415.99,656,416.10,25.1,416.18,15.3,416.31,29.8,416.45,58.544,416.59,68.8,416.72,24.00,416.86,0.56,416.97,0.00,417.12,0,417.25,0.62018,
,417.38,0,417.47,658,417.61,24.7,417.69,15.3,417.81,30.0,417.95,58.544,418.09,68.8,418.22,24.00,418.37,0.56,418.47,0.00,418.62,0,418.75,0.62253,
,418.87,0,418.99,659,419.09,25.5,419.21,15.3,419.33,29.9,419.46,58.564,419.61,69.2,419.72,24.00,419.85,0.57,419.96,0.00,420.11,0,420.22,0.62381,
,420.36,0,420.44,661,420.56,25.5,420.66,15.3,420.78,30.2,420.92,58.544,421.06,69.2,421.19,24.00,421.31,0.56,421.44,0.00,421.57,0,421.71,0.63074,
,421.85,0,421.93,662,422.05,24.7,422.15,15.3,422.28,29.8,422.41,58.544,422.55,69.2,422.68,24.00,422.81,0.55,422.93,0.00,423.07,0,423.19,0.63098,
,423.30,0,423.43,664,423.52,25.1,423.61,15.3,423.74,30.1,423.91,58.544,424.05,69.2,424.16,24.00,424.29,0.56,424.42,0.00,424.55,0,424.70,0.63074,
,424.83,0,424.92,665,425.05,25.1,425.14,15.3,425.27,29.7,425.40,58.484,425.54,69.2,425.67,24.00,425.80,0.55,425.92,0.00,426.06,0,426.20,0.63336,
,426.33,0,426.42,667,426.54,25.1,426.64,15.3,426.77,29.7,426.90,58.484,427.04,69.2,427.17,24.00,427.29,0.56,427.42,0.00,427.55,0,427.69,0.63574,
,427.82,0,427.91,668,428.02,25.1,428.14,15.3,428.25,29.6,428.41,58.544,428.55,69.2,428.68,24.00,428.82,0.56,428.96,0.00,429.10,0,429.25,0.63895,
,429.36,0,429.48,670,429.58,25.5,429.70,15.3,429.81,30.1,429.95,58.544,430.09,69.2,430.22,24.00,430.34,0.55,430.47,0.00,430.60,0,430.75,0.64597,
,430.87,0,430.98,671,431.10,24.7,431.20,15.3,431.32,29.9,431.46,58.544,431.58,69.2,431.70,24.00,431.82,0.56,431.95,0.00,432.08,0,432.21,0.64362,
,432.32,0,432.42,673,432.52,25.5,432.62,15.3,432.76,29.6,432.91,58.544,433.04,69.2,433.18,24.00,433.32,0.57,433.44,0.00,433.57,0,433.72,0.64246,
,433.83,0,433.95,674,434.04,25.5,434.17,15.3,434.28,30.2,434.41,58.544,434.55,69.2,434.68,24.00,434.81,0.57,434.92,0.00,435.05,0,435.17,0.64169,
,435.30,0,435.39,676,435.50,23.1,435.61,15.3,435.72,27.8,435.87,58.544,436.00,69.2,436.14,24.00,436.27,0.51,436.39,0.00,436.53,0,436.67,0.66251,
,436.78,0,436.90,677,437.00,24.7,437.12,15.3,437.24,28.5,437.40,58.484,437.54,69.2,437.67,24.00,437.79,0.52,437.92,0.00,438.05,0,438.19,0.67267,
,438.30,0,438.43,679,438.52,24.7,438.65,15.3,438.76,28.4,438.90,58.484,439.04,69.2,439.16,24.00,439.29,0.53,439.43,0.00,439.56,0,439.68,0.67352,
,439.78,0,439.90,680,440.02,24.3,440.14,15.3,440.25,28.1,440.40,58.544,440.54,69.2,440.67,24.00,440.80,0.53,440.92,0.00,441.05,0,441.20,0.67682,
,441.32,0,441.41,682,441.54,24.3,441.63,14.9,441.76,28.2,441.90,58.544,442.04,69.7,442.17,24.00,442.30,0.53,442.42,0.00,442.55,0,442.69,0.67700,
